encoder,input,layers,head,fold,n_labeled,repeat,auc,f1,sensitivity,specificity,balanced_accuracy
VICReg (ours),masked,layer3+4,logreg,0,16,0,0.892375,0.7175572519083969,0.5875,0.96,0.7737499999999999
VICReg (ours),masked,layer3+4,logreg,0,16,1,0.842875,0.6875,0.6875,0.75,0.71875
VICReg (ours),masked,layer3+4,logreg,0,16,2,0.8095,0.7596899224806202,0.6125,1.0,0.80625
VICReg (ours),masked,layer3+4,logreg,0,16,3,0.859625,0.7448275862068966,0.675,0.89,0.7825
VICReg (ours),masked,layer3+4,logreg,0,16,4,0.905,0.8074534161490683,0.8125,0.84,0.8262499999999999
VICReg (ours),masked,layer3+4,logreg,0,32,0,0.8611250000000001,0.7738095238095238,0.8125,0.77,0.79125
VICReg (ours),masked,layer3+4,logreg,0,32,1,0.512375,0.4025157232704403,0.4,0.53,0.465
VICReg (ours),masked,layer3+4,logreg,0,32,2,0.8160000000000001,0.7228915662650602,0.75,0.74,0.745
VICReg (ours),masked,layer3+4,logreg,0,32,3,0.8953749999999999,0.7596899224806202,0.6125,1.0,0.80625
VICReg (ours),masked,layer3+4,logreg,0,32,4,0.641625,0.6257668711656442,0.6375,0.68,0.65875
VICReg (ours),masked,layer3+4,logreg,0,64,0,0.810125,0.7195121951219512,0.7375,0.75,0.74375
VICReg (ours),masked,layer3+4,logreg,0,64,1,0.8608750000000001,0.7310344827586207,0.6625,0.88,0.77125
VICReg (ours),masked,layer3+4,logreg,0,64,2,0.8418749999999999,0.7210884353741497,0.6625,0.86,0.76125
VICReg (ours),masked,layer3+4,logreg,0,64,3,0.8475,0.7263157894736842,0.8625,0.59,0.7262500000000001
VICReg (ours),masked,layer3+4,logreg,0,64,4,0.8742500000000001,0.7361111111111112,0.6625,0.89,0.77625
VICReg (ours),masked,layer3+4,logreg,0,128,0,0.803875,0.6867469879518072,0.7125,0.71,0.7112499999999999
VICReg (ours),masked,layer3+4,logreg,0,128,1,0.8190000000000001,0.7425149700598802,0.775,0.75,0.7625
VICReg (ours),masked,layer3+4,logreg,0,128,2,0.7605,0.6503067484662577,0.6625,0.7,0.6812499999999999
VICReg (ours),masked,layer3+4,logreg,0,128,3,0.84475,0.7272727272727273,0.75,0.75,0.75
VICReg (ours),masked,layer3+4,logreg,0,128,4,0.922625,0.8658536585365854,0.8875,0.87,0.8787499999999999
VICReg (ours),masked,layer3+4,logreg,0,256,0,0.881875,0.7848101265822784,0.775,0.84,0.8075
VICReg (ours),masked,layer3+4,logreg,0,256,1,0.84575,0.7142857142857143,0.75,0.72,0.735
VICReg (ours),masked,layer3+4,logreg,0,256,2,0.86325,0.7619047619047619,0.8,0.76,0.78
VICReg (ours),masked,layer3+4,logreg,0,256,3,0.8431249999999999,0.7210884353741497,0.6625,0.86,0.76125
VICReg (ours),masked,layer3+4,logreg,0,256,4,0.874875,0.7843137254901961,0.75,0.87,0.81
VICReg (ours),masked,layer3+4,logreg,0,all,0,0.862375,0.7814569536423841,0.7375,0.88,0.8087500000000001
VICReg (ours),masked,layer3+4,logreg,1,16,0,0.6396,0.5222929936305732,0.41,0.84,0.625
VICReg (ours),masked,layer3+4,logreg,1,16,1,0.5879000000000001,0.5217391304347826,0.42,0.81,0.615
VICReg (ours),masked,layer3+4,logreg,1,16,2,0.5677,0.5463414634146342,0.56,0.51,0.535
VICReg (ours),masked,layer3+4,logreg,1,16,3,0.7234,0.6905829596412556,0.77,0.54,0.655
VICReg (ours),masked,layer3+4,logreg,1,16,4,0.6517999999999999,0.5759162303664922,0.55,0.64,0.595
VICReg (ours),masked,layer3+4,logreg,1,32,0,0.6934,0.6153846153846154,0.68,0.47,0.575
VICReg (ours),masked,layer3+4,logreg,1,32,1,0.7288,0.6069651741293532,0.61,0.6,0.605
VICReg (ours),masked,layer3+4,logreg,1,32,2,0.8453,0.7738693467336684,0.77,0.78,0.775
VICReg (ours),masked,layer3+4,logreg,1,32,3,0.6915,0.6631016042780749,0.62,0.75,0.685
VICReg (ours),masked,layer3+4,logreg,1,32,4,0.5764,0.4972375690607735,0.45,0.64,0.545
VICReg (ours),masked,layer3+4,logreg,1,64,0,0.8092999999999999,0.69,0.69,0.69,0.69
VICReg (ours),masked,layer3+4,logreg,1,64,1,0.6275,0.5,0.42,0.74,0.58
VICReg (ours),masked,layer3+4,logreg,1,64,2,0.7718,0.6455026455026455,0.61,0.72,0.665
VICReg (ours),masked,layer3+4,logreg,1,64,3,0.7554000000000001,0.5875706214689266,0.52,0.75,0.635
VICReg (ours),masked,layer3+4,logreg,1,64,4,0.8785,0.6779661016949152,0.6,0.83,0.715
VICReg (ours),masked,layer3+4,logreg,1,128,0,0.7222,0.5882352941176471,0.55,0.68,0.615
VICReg (ours),masked,layer3+4,logreg,1,128,1,0.7312000000000001,0.6031746031746031,0.57,0.68,0.625
VICReg (ours),masked,layer3+4,logreg,1,128,2,0.7246,0.6096256684491979,0.57,0.7,0.635
VICReg (ours),masked,layer3+4,logreg,1,128,3,0.7928,0.7083333333333334,0.68,0.76,0.72
VICReg (ours),masked,layer3+4,logreg,1,128,4,0.7279,0.5714285714285714,0.54,0.65,0.595
VICReg (ours),masked,layer3+4,logreg,1,256,0,0.7164999999999999,0.5851063829787234,0.55,0.67,0.6100000000000001
VICReg (ours),masked,layer3+4,logreg,1,256,1,0.7185,0.6424870466321243,0.62,0.69,0.655
VICReg (ours),masked,layer3+4,logreg,1,256,2,0.6795,0.5870646766169154,0.59,0.58,0.585
VICReg (ours),masked,layer3+4,logreg,1,256,3,0.7079,0.5906735751295337,0.57,0.64,0.605
VICReg (ours),masked,layer3+4,logreg,1,256,4,0.7792999999999999,0.6632124352331606,0.64,0.71,0.675
VICReg (ours),masked,layer3+4,logreg,1,all,0,0.8032,0.700507614213198,0.69,0.72,0.705
VICReg (ours),masked,layer3+4,logreg,2,16,0,0.8839166666666667,0.8269230769230769,0.7166666666666667,0.98,0.8483333333333334
VICReg (ours),masked,layer3+4,logreg,2,16,1,0.69825,0.7252747252747253,0.825,0.46,0.6425
VICReg (ours),masked,layer3+4,logreg,2,16,2,0.7385,0.6883720930232559,0.6166666666666667,0.79,0.7033333333333334
VICReg (ours),masked,layer3+4,logreg,2,16,3,0.9413333333333334,0.8235294117647058,0.7,1.0,0.85
VICReg (ours),masked,layer3+4,logreg,2,16,4,0.9230833333333334,0.8076923076923077,0.7,0.96,0.83
VICReg (ours),masked,layer3+4,logreg,2,32,0,0.9249166666666666,0.8288288288288288,0.7666666666666667,0.9,0.8333333333333334
VICReg (ours),masked,layer3+4,logreg,2,32,1,0.8949166666666667,0.7982832618025751,0.775,0.8,0.7875000000000001
VICReg (ours),masked,layer3+4,logreg,2,32,2,0.931,0.8301886792452831,0.7333333333333333,0.96,0.8466666666666667
VICReg (ours),masked,layer3+4,logreg,2,32,3,0.9425833333333334,0.8625592417061612,0.7583333333333333,1.0,0.8791666666666667
VICReg (ours),masked,layer3+4,logreg,2,32,4,0.9675,0.8405797101449275,0.725,1.0,0.8625
VICReg (ours),masked,layer3+4,logreg,2,64,0,0.8628333333333333,0.7603305785123967,0.7666666666666667,0.7,0.7333333333333334
VICReg (ours),masked,layer3+4,logreg,2,64,1,0.9116666666666666,0.8458149779735683,0.8,0.89,0.845
VICReg (ours),masked,layer3+4,logreg,2,64,2,0.7629166666666667,0.6162162162162163,0.475,0.92,0.6975
VICReg (ours),masked,layer3+4,logreg,2,64,3,0.9068333333333334,0.8018433179723502,0.725,0.9,0.8125
VICReg (ours),masked,layer3+4,logreg,2,64,4,0.9243333333333332,0.8389830508474576,0.825,0.83,0.8274999999999999
VICReg (ours),masked,layer3+4,logreg,2,128,0,0.9570833333333332,0.8831168831168831,0.85,0.91,0.88
VICReg (ours),masked,layer3+4,logreg,2,128,1,0.9561666666666668,0.8968609865470852,0.8333333333333334,0.97,0.9016666666666666
VICReg (ours),masked,layer3+4,logreg,2,128,2,0.9073333333333332,0.8198198198198198,0.7583333333333333,0.89,0.8241666666666667
VICReg (ours),masked,layer3+4,logreg,2,128,3,0.9584166666666668,0.9074889867841408,0.8583333333333333,0.96,0.9091666666666668
VICReg (ours),masked,layer3+4,logreg,2,128,4,0.9111666666666668,0.8421052631578947,0.8,0.88,0.8400000000000001
VICReg (ours),masked,layer3+4,logreg,2,256,0,0.9290833333333334,0.8545454545454545,0.7833333333333333,0.94,0.8616666666666666
VICReg (ours),masked,layer3+4,logreg,2,256,1,0.9654166666666666,0.9090909090909092,0.8333333333333334,1.0,0.9166666666666669
VICReg (ours),masked,layer3+4,logreg,2,256,2,0.9365,0.8558558558558559,0.7916666666666666,0.93,0.8608333333333333
VICReg (ours),masked,layer3+4,logreg,2,256,3,0.9374166666666668,0.8651162790697674,0.775,0.98,0.8775
VICReg (ours),masked,layer3+4,logreg,2,256,4,0.9155,0.8333333333333334,0.75,0.94,0.845
VICReg (ours),masked,layer3+4,logreg,2,all,0,0.9281666666666668,0.8711111111111111,0.8166666666666667,0.93,0.8733333333333333
VICReg (ours),masked,layer3+4,logreg,3,16,0,0.6205,0.3361344537815126,0.25,0.81,0.53
VICReg (ours),masked,layer3+4,logreg,3,16,1,0.87475,0.3298969072164948,0.2,0.99,0.595
VICReg (ours),masked,layer3+4,logreg,3,16,2,0.6862499999999999,0.4285714285714285,0.3375,0.81,0.57375
VICReg (ours),masked,layer3+4,logreg,3,16,3,0.891875,0.75,0.75,0.8,0.775
VICReg (ours),masked,layer3+4,logreg,3,16,4,0.77625,0.7412587412587412,0.6625,0.9,0.78125
VICReg (ours),masked,layer3+4,logreg,3,32,0,0.8795000000000001,0.7388535031847133,0.725,0.81,0.7675000000000001
VICReg (ours),masked,layer3+4,logreg,3,32,1,0.7354999999999999,0.360655737704918,0.275,0.8,0.5375000000000001
VICReg (ours),masked,layer3+4,logreg,3,32,2,0.81575,0.6666666666666666,0.6125,0.82,0.71625
VICReg (ours),masked,layer3+4,logreg,3,32,3,0.8598750000000002,0.6901408450704225,0.6125,0.87,0.74125
VICReg (ours),masked,layer3+4,logreg,3,32,4,0.932,0.8235294117647058,0.7,1.0,0.85
VICReg (ours),masked,layer3+4,logreg,3,64,0,0.84075,0.6716417910447762,0.5625,0.91,0.7362500000000001
VICReg (ours),masked,layer3+4,logreg,3,64,1,0.8825000000000001,0.6577181208053692,0.6125,0.8,0.70625
VICReg (ours),masked,layer3+4,logreg,3,64,2,0.959125,0.8654970760233918,0.925,0.83,0.8775
VICReg (ours),masked,layer3+4,logreg,3,64,3,0.921375,0.7346938775510204,0.675,0.87,0.7725
VICReg (ours),masked,layer3+4,logreg,3,64,4,0.846125,0.6619718309859155,0.5875,0.85,0.71875
VICReg (ours),masked,layer3+4,logreg,3,128,0,0.928625,0.759493670886076,0.75,0.82,0.7849999999999999
VICReg (ours),masked,layer3+4,logreg,3,128,1,0.852625,0.6711409395973155,0.625,0.81,0.7175
VICReg (ours),masked,layer3+4,logreg,3,128,2,0.907,0.6386554621848739,0.475,0.99,0.7324999999999999
VICReg (ours),masked,layer3+4,logreg,3,128,3,0.9205,0.8201438848920863,0.7125,0.98,0.84625
VICReg (ours),masked,layer3+4,logreg,3,128,4,0.910875,0.7101449275362319,0.6125,0.91,0.76125
VICReg (ours),masked,layer3+4,logreg,3,256,0,0.992,0.8148148148148148,0.6875,1.0,0.84375
VICReg (ours),masked,layer3+4,logreg,3,256,1,0.9165,0.7346938775510204,0.675,0.87,0.7725
VICReg (ours),masked,layer3+4,logreg,3,256,2,0.94925,0.7971014492753623,0.6875,0.97,0.82875
VICReg (ours),masked,layer3+4,logreg,3,256,3,0.896625,0.7567567567567568,0.7,0.88,0.79
VICReg (ours),masked,layer3+4,logreg,3,256,4,0.947625,0.8088235294117647,0.6875,0.99,0.83875
VICReg (ours),masked,layer3+4,logreg,3,all,0,0.997125,0.9041095890410958,0.825,1.0,0.9125
VICReg (ours),masked,layer3+4,logreg,4,16,0,0.8125000000000001,0.7134146341463414,0.975,0.09,0.5325
VICReg (ours),masked,layer3+4,logreg,4,16,1,0.9750833333333332,0.932806324110672,0.9833333333333332,0.85,0.9166666666666666
VICReg (ours),masked,layer3+4,logreg,4,16,2,0.8065833333333333,0.5568181818181818,0.4083333333333333,0.93,0.6691666666666667
VICReg (ours),masked,layer3+4,logreg,4,16,3,0.871,0.6256410256410256,0.5083333333333333,0.86,0.6841666666666666
VICReg (ours),masked,layer3+4,logreg,4,16,4,0.4724166666666667,0.4873949579831932,0.4833333333333333,0.4,0.4416666666666666
VICReg (ours),masked,layer3+4,logreg,4,32,0,0.9683333333333332,0.9034749034749034,0.975,0.78,0.8775
VICReg (ours),masked,layer3+4,logreg,4,32,1,0.958,0.8842975206611571,0.8916666666666667,0.85,0.8708333333333333
VICReg (ours),masked,layer3+4,logreg,4,32,2,0.9720833333333334,0.91699604743083,0.9666666666666668,0.83,0.8983333333333333
VICReg (ours),masked,layer3+4,logreg,4,32,3,0.813,0.8502024291497976,0.875,0.78,0.8275
VICReg (ours),masked,layer3+4,logreg,4,32,4,0.9723333333333332,0.9306122448979592,0.95,0.89,0.92
VICReg (ours),masked,layer3+4,logreg,4,64,0,0.9135833333333332,0.8449612403100775,0.9083333333333332,0.71,0.8091666666666666
VICReg (ours),masked,layer3+4,logreg,4,64,1,0.94925,0.9205020920502092,0.9166666666666666,0.91,0.9133333333333332
VICReg (ours),masked,layer3+4,logreg,4,64,2,0.9725833333333334,0.8957528957528957,0.9666666666666668,0.77,0.8683333333333334
VICReg (ours),masked,layer3+4,logreg,4,64,3,0.95175,0.9019607843137256,0.9583333333333334,0.8,0.8791666666666667
VICReg (ours),masked,layer3+4,logreg,4,64,4,0.9748333333333332,0.9118773946360154,0.9916666666666668,0.78,0.8858333333333334
VICReg (ours),masked,layer3+4,logreg,4,128,0,0.9693333333333334,0.9,0.975,0.77,0.8725
VICReg (ours),masked,layer3+4,logreg,4,128,1,0.9605833333333332,0.9126984126984128,0.9583333333333334,0.83,0.8941666666666667
VICReg (ours),masked,layer3+4,logreg,4,128,2,0.9561666666666668,0.9133858267716536,0.9666666666666668,0.82,0.8933333333333333
VICReg (ours),masked,layer3+4,logreg,4,128,3,0.9071666666666668,0.8949416342412452,0.9583333333333334,0.78,0.8691666666666666
VICReg (ours),masked,layer3+4,logreg,4,128,4,0.9600833333333332,0.8582375478927203,0.9333333333333332,0.71,0.8216666666666667
VICReg (ours),masked,layer3+4,logreg,4,256,0,0.9443333333333334,0.8793774319066148,0.9416666666666668,0.76,0.8508333333333333
VICReg (ours),masked,layer3+4,logreg,4,256,1,0.9515833333333332,0.8957528957528957,0.9666666666666668,0.77,0.8683333333333334
VICReg (ours),masked,layer3+4,logreg,4,256,2,0.9553333333333334,0.888030888030888,0.9583333333333334,0.76,0.8591666666666666
VICReg (ours),masked,layer3+4,logreg,4,256,3,0.9575,0.8932806324110671,0.9416666666666668,0.8,0.8708333333333333
VICReg (ours),masked,layer3+4,logreg,4,256,4,0.9579166666666666,0.8992248062015504,0.9666666666666668,0.78,0.8733333333333333
VICReg (ours),masked,layer3+4,logreg,4,all,0,0.9666666666666668,0.8957528957528957,0.9666666666666668,0.77,0.8683333333333334
VICReg + adaptation,masked,layer3+4,logreg,0,16,0,0.996875,0.8235294117647058,0.7,1.0,0.85
VICReg + adaptation,masked,layer3+4,logreg,0,16,1,0.92125,0.7721518987341772,0.7625,0.83,0.7962499999999999
VICReg + adaptation,masked,layer3+4,logreg,0,16,2,0.97125,0.8148148148148148,0.6875,1.0,0.84375
VICReg + adaptation,masked,layer3+4,logreg,0,16,3,0.994,0.8489208633093526,0.7375,1.0,0.86875
VICReg + adaptation,masked,layer3+4,logreg,0,16,4,0.992,0.8489208633093526,0.7375,1.0,0.86875
VICReg + adaptation,masked,layer3+4,logreg,0,32,0,0.999625,0.9808917197452228,0.9625,1.0,0.98125
VICReg + adaptation,masked,layer3+4,logreg,0,32,1,0.998875,0.9808917197452228,0.9625,1.0,0.98125
VICReg + adaptation,masked,layer3+4,logreg,0,32,2,0.98875,0.9554140127388536,0.9375,0.98,0.95875
VICReg + adaptation,masked,layer3+4,logreg,0,32,3,0.993625,0.8652482269503546,0.7625,1.0,0.88125
VICReg + adaptation,masked,layer3+4,logreg,0,32,4,0.997875,0.9743589743589745,0.95,1.0,0.975
VICReg + adaptation,masked,layer3+4,logreg,0,64,0,0.989,0.9473684210526316,0.9,1.0,0.95
VICReg + adaptation,masked,layer3+4,logreg,0,64,1,0.99775,0.9873417721518988,0.975,1.0,0.9875
VICReg + adaptation,masked,layer3+4,logreg,0,64,2,0.997625,0.9261744966442952,0.8625,1.0,0.93125
VICReg + adaptation,masked,layer3+4,logreg,0,64,3,0.999,0.9743589743589745,0.95,1.0,0.975
VICReg + adaptation,masked,layer3+4,logreg,0,64,4,0.998875,0.961038961038961,0.925,1.0,0.9625
VICReg + adaptation,masked,layer3+4,logreg,0,128,0,0.999625,0.9937106918238994,0.9875,1.0,0.99375
VICReg + adaptation,masked,layer3+4,logreg,0,128,1,0.99775,0.9937106918238994,0.9875,1.0,0.99375
VICReg + adaptation,masked,layer3+4,logreg,0,128,2,0.992,0.967741935483871,0.9375,1.0,0.96875
VICReg + adaptation,masked,layer3+4,logreg,0,128,3,0.996375,0.9559748427672956,0.95,0.97,0.96
VICReg + adaptation,masked,layer3+4,logreg,0,128,4,0.999875,0.9743589743589745,0.95,1.0,0.975
VICReg + adaptation,masked,layer3+4,logreg,0,256,0,0.998125,0.967741935483871,0.9375,1.0,0.96875
VICReg + adaptation,masked,layer3+4,logreg,0,256,1,0.99825,0.9559748427672956,0.95,0.97,0.96
VICReg + adaptation,masked,layer3+4,logreg,0,256,2,0.9965,0.9559748427672956,0.95,0.97,0.96
VICReg + adaptation,masked,layer3+4,logreg,0,256,3,0.997375,0.9620253164556962,0.95,0.98,0.965
VICReg + adaptation,masked,layer3+4,logreg,0,256,4,0.993,0.9382716049382716,0.95,0.94,0.945
VICReg + adaptation,masked,layer3+4,logreg,0,all,0,0.99875,0.9681528662420382,0.95,0.99,0.97
VICReg + adaptation,masked,layer3+4,logreg,1,16,0,0.9302,0.7421383647798742,0.59,1.0,0.7949999999999999
VICReg + adaptation,masked,layer3+4,logreg,1,16,1,0.8969,0.7861271676300579,0.68,0.95,0.815
VICReg + adaptation,masked,layer3+4,logreg,1,16,2,0.8152999999999999,0.8,0.7,0.95,0.825
VICReg + adaptation,masked,layer3+4,logreg,1,16,3,0.8094000000000001,0.6666666666666666,0.7,0.6,0.6499999999999999
VICReg + adaptation,masked,layer3+4,logreg,1,16,4,0.8902,0.7341772151898734,0.58,1.0,0.79
VICReg + adaptation,masked,layer3+4,logreg,1,32,0,0.9347,0.8310502283105022,0.91,0.72,0.815
VICReg + adaptation,masked,layer3+4,logreg,1,32,1,0.966,0.8725490196078431,0.89,0.85,0.87
VICReg + adaptation,masked,layer3+4,logreg,1,32,2,0.9506,0.8556701030927835,0.83,0.89,0.86
VICReg + adaptation,masked,layer3+4,logreg,1,32,3,0.8199000000000001,0.5888324873096447,0.58,0.61,0.595
VICReg + adaptation,masked,layer3+4,logreg,1,32,4,0.8945000000000001,0.7953216374269005,0.68,0.97,0.825
VICReg + adaptation,masked,layer3+4,logreg,1,64,0,0.9354,0.8020833333333334,0.77,0.85,0.81
VICReg + adaptation,masked,layer3+4,logreg,1,64,1,0.9321,0.7640449438202247,0.68,0.9,0.79
VICReg + adaptation,masked,layer3+4,logreg,1,64,2,0.9086,0.7085714285714285,0.62,0.87,0.745
VICReg + adaptation,masked,layer3+4,logreg,1,64,3,0.9023,0.7272727272727273,0.68,0.81,0.7450000000000001
VICReg + adaptation,masked,layer3+4,logreg,1,64,4,0.8816999999999999,0.7487179487179487,0.73,0.78,0.755
VICReg + adaptation,masked,layer3+4,logreg,1,128,0,0.9068,0.723404255319149,0.68,0.8,0.74
VICReg + adaptation,masked,layer3+4,logreg,1,128,1,0.8937,0.6989247311827957,0.65,0.79,0.72
VICReg + adaptation,masked,layer3+4,logreg,1,128,2,0.8941999999999999,0.7243243243243244,0.67,0.82,0.745
VICReg + adaptation,masked,layer3+4,logreg,1,128,3,0.9244,0.7608695652173914,0.7,0.86,0.78
VICReg + adaptation,masked,layer3+4,logreg,1,128,4,0.8951,0.686046511627907,0.59,0.87,0.73
VICReg + adaptation,masked,layer3+4,logreg,1,256,0,0.917,0.73224043715847,0.67,0.84,0.755
VICReg + adaptation,masked,layer3+4,logreg,1,256,1,0.8951,0.7159090909090909,0.63,0.87,0.75
VICReg + adaptation,masked,layer3+4,logreg,1,256,2,0.9006000000000001,0.7272727272727273,0.68,0.81,0.7450000000000001
VICReg + adaptation,masked,layer3+4,logreg,1,256,3,0.9082,0.73224043715847,0.67,0.84,0.755
VICReg + adaptation,masked,layer3+4,logreg,1,256,4,0.9222,0.725,0.58,0.98,0.78
VICReg + adaptation,masked,layer3+4,logreg,1,all,0,0.8837999999999999,0.7085714285714285,0.62,0.87,0.745
VICReg + adaptation,masked,layer3+4,logreg,2,16,0,0.7728333333333333,0.6608695652173913,0.6333333333333333,0.66,0.6466666666666667
VICReg + adaptation,masked,layer3+4,logreg,2,16,1,0.7283333333333334,0.6615384615384615,0.7166666666666667,0.46,0.5883333333333334
VICReg + adaptation,masked,layer3+4,logreg,2,16,2,0.7779166666666666,0.7985074626865671,0.8916666666666667,0.59,0.7408333333333333
VICReg + adaptation,masked,layer3+4,logreg,2,16,3,0.7598333333333332,0.8278388278388278,0.9416666666666668,0.6,0.7708333333333333
VICReg + adaptation,masked,layer3+4,logreg,2,16,4,0.7324166666666667,0.6761904761904762,0.5916666666666667,0.81,0.7008333333333334
VICReg + adaptation,masked,layer3+4,logreg,2,32,0,0.834375,0.8221343873517787,0.8666666666666667,0.71,0.7883333333333333
VICReg + adaptation,masked,layer3+4,logreg,2,32,1,0.8701666666666668,0.803347280334728,0.8,0.77,0.785
VICReg + adaptation,masked,layer3+4,logreg,2,32,2,0.7797499999999999,0.7239819004524887,0.6666666666666666,0.79,0.7283333333333333
VICReg + adaptation,masked,layer3+4,logreg,2,32,3,0.8545,0.8046875,0.8583333333333333,0.67,0.7641666666666667
VICReg + adaptation,masked,layer3+4,logreg,2,32,4,0.8281666666666667,0.758893280632411,0.8,0.63,0.7150000000000001
VICReg + adaptation,masked,layer3+4,logreg,2,64,0,0.7999166666666667,0.691358024691358,0.7,0.61,0.655
VICReg + adaptation,masked,layer3+4,logreg,2,64,1,0.82725,0.7639484978540773,0.7416666666666667,0.76,0.7508333333333334
VICReg + adaptation,masked,layer3+4,logreg,2,64,2,0.7951666666666666,0.7224669603524229,0.6833333333333333,0.75,0.7166666666666667
VICReg + adaptation,masked,layer3+4,logreg,2,64,3,0.8485833333333334,0.7589285714285714,0.7083333333333334,0.81,0.7591666666666668
VICReg + adaptation,masked,layer3+4,logreg,2,64,4,0.8435833333333334,0.7832699619771863,0.8583333333333333,0.6,0.7291666666666666
VICReg + adaptation,masked,layer3+4,logreg,2,128,0,0.8314166666666667,0.7666666666666667,0.7666666666666667,0.72,0.7433333333333334
VICReg + adaptation,masked,layer3+4,logreg,2,128,1,0.8628333333333333,0.8215767634854771,0.825,0.78,0.8025
VICReg + adaptation,masked,layer3+4,logreg,2,128,2,0.8856666666666667,0.811965811965812,0.7916666666666666,0.81,0.8008333333333333
VICReg + adaptation,masked,layer3+4,logreg,2,128,3,0.8658333333333333,0.8016877637130801,0.7916666666666666,0.78,0.7858333333333334
VICReg + adaptation,masked,layer3+4,logreg,2,128,4,0.8578333333333333,0.8049792531120332,0.8083333333333333,0.76,0.7841666666666667
VICReg + adaptation,masked,layer3+4,logreg,2,256,0,0.83575,0.7489711934156379,0.7583333333333333,0.68,0.7191666666666667
VICReg + adaptation,masked,layer3+4,logreg,2,256,1,0.8695416666666667,0.8340080971659919,0.8583333333333333,0.76,0.8091666666666666
VICReg + adaptation,masked,layer3+4,logreg,2,256,2,0.8370833333333333,0.7540983606557377,0.7666666666666667,0.68,0.7233333333333334
VICReg + adaptation,masked,layer3+4,logreg,2,256,3,0.8466666666666667,0.7673469387755102,0.7833333333333333,0.69,0.7366666666666666
VICReg + adaptation,masked,layer3+4,logreg,2,256,4,0.8425416666666666,0.775,0.775,0.73,0.7525
VICReg + adaptation,masked,layer3+4,logreg,2,all,0,0.8144583333333333,0.743801652892562,0.75,0.68,0.7150000000000001
VICReg + adaptation,masked,layer3+4,logreg,3,16,0,0.795375,0.5271317829457365,0.425,0.85,0.6375
VICReg + adaptation,masked,layer3+4,logreg,3,16,1,0.91,0.5046728971962616,0.3375,1.0,0.66875
VICReg + adaptation,masked,layer3+4,logreg,3,16,2,0.89375,0.71875,0.575,0.98,0.7775
VICReg + adaptation,masked,layer3+4,logreg,3,16,3,0.990625,0.963855421686747,1.0,0.94,0.97
VICReg + adaptation,masked,layer3+4,logreg,3,16,4,0.998375,0.981132075471698,0.975,0.99,0.9825
VICReg + adaptation,masked,layer3+4,logreg,3,32,0,0.999125,0.961038961038961,0.925,1.0,0.9625
VICReg + adaptation,masked,layer3+4,logreg,3,32,1,0.905625,0.7244094488188977,0.575,0.99,0.7825
VICReg + adaptation,masked,layer3+4,logreg,3,32,2,0.90975,0.872093023255814,0.9375,0.83,0.88375
VICReg + adaptation,masked,layer3+4,logreg,3,32,3,0.984875,0.9166666666666666,0.9625,0.89,0.92625
VICReg + adaptation,masked,layer3+4,logreg,3,32,4,0.998625,0.968944099378882,0.975,0.97,0.9725
VICReg + adaptation,masked,layer3+4,logreg,3,64,0,0.970875,0.8571428571428571,0.75,1.0,0.875
VICReg + adaptation,masked,layer3+4,logreg,3,64,1,0.997375,0.967741935483871,0.9375,1.0,0.96875
VICReg + adaptation,masked,layer3+4,logreg,3,64,2,0.999625,0.9873417721518988,0.975,1.0,0.9875
VICReg + adaptation,masked,layer3+4,logreg,3,64,3,0.999375,0.9333333333333332,0.875,1.0,0.9375
VICReg + adaptation,masked,layer3+4,logreg,3,64,4,0.935,0.8588235294117647,0.9125,0.83,0.87125
VICReg + adaptation,masked,layer3+4,logreg,3,128,0,0.99775,0.9518072289156626,0.9875,0.93,0.95875
VICReg + adaptation,masked,layer3+4,logreg,3,128,1,0.996375,0.9615384615384616,0.9375,0.99,0.96375
VICReg + adaptation,masked,layer3+4,logreg,3,128,2,0.996375,0.9634146341463414,0.9875,0.95,0.96875
VICReg + adaptation,masked,layer3+4,logreg,3,128,3,0.998,0.9808917197452228,0.9625,1.0,0.98125
VICReg + adaptation,masked,layer3+4,logreg,3,128,4,0.981125,0.8235294117647058,0.7,1.0,0.85
VICReg + adaptation,masked,layer3+4,logreg,3,256,0,0.996125,0.9693251533742332,0.9875,0.96,0.97375
VICReg + adaptation,masked,layer3+4,logreg,3,256,1,0.997375,0.9634146341463414,0.9875,0.95,0.96875
VICReg + adaptation,masked,layer3+4,logreg,3,256,2,0.997,0.9937106918238994,0.9875,1.0,0.99375
VICReg + adaptation,masked,layer3+4,logreg,3,256,3,0.99125,0.9461077844311376,0.9875,0.92,0.95375
VICReg + adaptation,masked,layer3+4,logreg,3,256,4,0.996625,0.9875,0.9875,0.99,0.98875
VICReg + adaptation,masked,layer3+4,logreg,3,all,0,0.995875,0.9693251533742332,0.9875,0.96,0.97375
VICReg + adaptation,masked,layer3+4,logreg,4,16,0,0.92975,0.8507462686567164,0.95,0.66,0.8049999999999999
VICReg + adaptation,masked,layer3+4,logreg,4,16,1,0.9999166666666668,0.99581589958159,0.9916666666666668,1.0,0.9958333333333332
VICReg + adaptation,masked,layer3+4,logreg,4,16,2,0.9951666666666666,0.9655172413793104,0.9333333333333332,1.0,0.9666666666666668
VICReg + adaptation,masked,layer3+4,logreg,4,16,3,0.8840833333333333,0.7387387387387387,0.6833333333333333,0.8,0.7416666666666667
VICReg + adaptation,masked,layer3+4,logreg,4,16,4,1.0,0.9873417721518988,0.975,1.0,0.9875
VICReg + adaptation,masked,layer3+4,logreg,4,32,0,0.9284166666666668,0.8433734939759037,0.875,0.76,0.8175
VICReg + adaptation,masked,layer3+4,logreg,4,32,1,0.9989166666666668,0.9833333333333332,0.9833333333333332,0.98,0.9816666666666668
VICReg + adaptation,masked,layer3+4,logreg,4,32,2,0.98775,0.9111969111969112,0.9833333333333332,0.79,0.8866666666666667
VICReg + adaptation,masked,layer3+4,logreg,4,32,3,0.9976666666666668,0.9873417721518988,0.975,1.0,0.9875
VICReg + adaptation,masked,layer3+4,logreg,4,32,4,0.9916666666666666,0.943089430894309,0.9666666666666668,0.9,0.9333333333333332
VICReg + adaptation,masked,layer3+4,logreg,4,64,0,0.9446666666666668,0.8764940239043825,0.9166666666666666,0.79,0.8533333333333333
VICReg + adaptation,masked,layer3+4,logreg,4,64,1,0.993,0.8856088560885609,1.0,0.69,0.845
VICReg + adaptation,masked,layer3+4,logreg,4,64,2,0.9655,0.9019607843137256,0.9583333333333334,0.8,0.8791666666666667
VICReg + adaptation,masked,layer3+4,logreg,4,64,3,0.98925,0.900763358778626,0.9833333333333332,0.76,0.8716666666666666
VICReg + adaptation,masked,layer3+4,logreg,4,64,4,0.9909166666666668,0.9195402298850576,1.0,0.79,0.895
VICReg + adaptation,masked,layer3+4,logreg,4,128,0,0.9525833333333332,0.8984375,0.9583333333333334,0.79,0.8741666666666668
VICReg + adaptation,masked,layer3+4,logreg,4,128,1,0.99225,0.9365079365079364,0.9833333333333332,0.86,0.9216666666666666
VICReg + adaptation,masked,layer3+4,logreg,4,128,2,0.975,0.9147286821705426,0.9833333333333332,0.8,0.8916666666666666
VICReg + adaptation,masked,layer3+4,logreg,4,128,3,0.9835833333333334,0.9076923076923076,0.9833333333333332,0.78,0.8816666666666666
VICReg + adaptation,masked,layer3+4,logreg,4,128,4,0.9571666666666668,0.9105058365758756,0.975,0.8,0.8875
VICReg + adaptation,masked,layer3+4,logreg,4,256,0,0.92325,0.9019607843137256,0.9583333333333334,0.8,0.8791666666666667
VICReg + adaptation,masked,layer3+4,logreg,4,256,1,0.9714166666666668,0.9019607843137256,0.9583333333333334,0.8,0.8791666666666667
VICReg + adaptation,masked,layer3+4,logreg,4,256,2,0.9474166666666668,0.8844621513944223,0.925,0.8,0.8625
VICReg + adaptation,masked,layer3+4,logreg,4,256,3,0.9784166666666668,0.9105058365758756,0.975,0.8,0.8875
VICReg + adaptation,masked,layer3+4,logreg,4,256,4,0.9555833333333336,0.9019607843137256,0.9583333333333334,0.8,0.8791666666666667
VICReg + adaptation,masked,layer3+4,logreg,4,all,0,0.93375,0.8932806324110671,0.9416666666666668,0.8,0.8708333333333333
ImageNet,masked,layer3+4,logreg,0,16,0,0.785625,0.7058823529411765,0.675,0.81,0.7425
ImageNet,masked,layer3+4,logreg,0,16,1,0.72575,0.609271523178808,0.575,0.75,0.6625
ImageNet,masked,layer3+4,logreg,0,16,2,0.769875,0.6666666666666666,0.575,0.88,0.7275
ImageNet,masked,layer3+4,logreg,0,16,3,0.8032499999999999,0.7083333333333334,0.6375,0.87,0.7537499999999999
ImageNet,masked,layer3+4,logreg,0,16,4,0.7528750000000001,0.6521739130434783,0.5625,0.87,0.71625
ImageNet,masked,layer3+4,logreg,0,32,0,0.745875,0.6451612903225806,0.5,0.96,0.73
ImageNet,masked,layer3+4,logreg,0,32,1,0.766625,0.6618705035971223,0.575,0.87,0.7224999999999999
ImageNet,masked,layer3+4,logreg,0,32,2,0.791625,0.6514285714285715,0.7125,0.62,0.66625
ImageNet,masked,layer3+4,logreg,0,32,3,0.8514999999999999,0.7236842105263158,0.6875,0.83,0.75875
ImageNet,masked,layer3+4,logreg,0,32,4,0.81625,0.6753246753246753,0.65,0.78,0.7150000000000001
ImageNet,masked,layer3+4,logreg,0,64,0,0.8240000000000001,0.7074829931972789,0.65,0.85,0.75
ImageNet,masked,layer3+4,logreg,0,64,1,0.836375,0.7662337662337663,0.7375,0.85,0.79375
ImageNet,masked,layer3+4,logreg,0,64,2,0.909125,0.7866666666666666,0.7375,0.89,0.81375
ImageNet,masked,layer3+4,logreg,0,64,3,0.8311249999999999,0.6875,0.6875,0.75,0.71875
ImageNet,masked,layer3+4,logreg,0,64,4,0.8162499999999998,0.684931506849315,0.625,0.84,0.7324999999999999
ImageNet,masked,layer3+4,logreg,0,128,0,0.9108125,0.7843137254901961,0.75,0.87,0.81
ImageNet,masked,layer3+4,logreg,0,128,1,0.844625,0.6946107784431138,0.725,0.71,0.7175
ImageNet,masked,layer3+4,logreg,0,128,2,0.88,0.76,0.7125,0.87,0.79125
ImageNet,masked,layer3+4,logreg,0,128,3,0.828875,0.7169811320754716,0.7125,0.78,0.7462500000000001
ImageNet,masked,layer3+4,logreg,0,128,4,0.82525,0.7228915662650602,0.75,0.74,0.745
ImageNet,masked,layer3+4,logreg,0,256,0,0.869125,0.6900584795321637,0.7375,0.68,0.70875
ImageNet,masked,layer3+4,logreg,0,256,1,0.90375,0.7712418300653595,0.7375,0.86,0.7987500000000001
ImageNet,masked,layer3+4,logreg,0,256,2,0.86175,0.6941176470588235,0.7375,0.69,0.71375
ImageNet,masked,layer3+4,logreg,0,256,3,0.88575,0.7239263803680982,0.7375,0.76,0.74875
ImageNet,masked,layer3+4,logreg,0,256,4,0.8398749999999999,0.6982248520710059,0.7375,0.7,0.71875
ImageNet,masked,layer3+4,logreg,0,all,0,0.8792500000000001,0.7388535031847133,0.725,0.81,0.7675000000000001
ImageNet,masked,layer3+4,logreg,1,16,0,0.907,0.8481675392670157,0.81,0.9,0.855
ImageNet,masked,layer3+4,logreg,1,16,1,0.9691,0.8023952095808383,0.67,1.0,0.835
ImageNet,masked,layer3+4,logreg,1,16,2,0.906,0.8306010928961749,0.76,0.93,0.845
ImageNet,masked,layer3+4,logreg,1,16,3,0.9298,0.8415300546448088,0.77,0.94,0.855
ImageNet,masked,layer3+4,logreg,1,16,4,0.9861,0.7730061349693251,0.63,1.0,0.815
ImageNet,masked,layer3+4,logreg,1,32,0,0.8029,0.7241379310344828,0.84,0.52,0.6799999999999999
ImageNet,masked,layer3+4,logreg,1,32,1,0.9528,0.8660714285714286,0.97,0.73,0.85
ImageNet,masked,layer3+4,logreg,1,32,2,0.9727,0.7012987012987013,0.54,1.0,0.77
ImageNet,masked,layer3+4,logreg,1,32,3,0.9354,0.8023255813953488,0.69,0.97,0.83
ImageNet,masked,layer3+4,logreg,1,32,4,0.9873,0.9484536082474226,0.92,0.98,0.95
ImageNet,masked,layer3+4,logreg,1,64,0,0.9182,0.8691099476439791,0.83,0.92,0.875
ImageNet,masked,layer3+4,logreg,1,64,1,0.9801,0.9479166666666666,0.91,0.99,0.95
ImageNet,masked,layer3+4,logreg,1,64,2,0.8126,0.7446808510638298,0.7,0.82,0.76
ImageNet,masked,layer3+4,logreg,1,64,3,0.9215,0.8449197860962567,0.79,0.92,0.855
ImageNet,masked,layer3+4,logreg,1,64,4,0.9491,0.8700564971751412,0.77,1.0,0.885
ImageNet,masked,layer3+4,logreg,1,128,0,0.9923,0.8505747126436781,0.74,1.0,0.87
ImageNet,masked,layer3+4,logreg,1,128,1,0.8124,0.8186528497409327,0.79,0.86,0.825
ImageNet,masked,layer3+4,logreg,1,128,2,0.9841,0.8439306358381503,0.73,1.0,0.865
ImageNet,masked,layer3+4,logreg,1,128,3,0.9695,0.8235294117647058,0.7,1.0,0.85
ImageNet,masked,layer3+4,logreg,1,128,4,0.9685,0.8323699421965318,0.72,0.99,0.855
ImageNet,masked,layer3+4,logreg,1,256,0,0.9944,0.7951807228915663,0.66,1.0,0.8300000000000001
ImageNet,masked,layer3+4,logreg,1,256,1,0.9608,0.8235294117647058,0.7,1.0,0.85
ImageNet,masked,layer3+4,logreg,1,256,2,0.9574,0.8603351955307262,0.77,0.98,0.875
ImageNet,masked,layer3+4,logreg,1,256,3,0.9757,0.8228571428571428,0.72,0.97,0.845
ImageNet,masked,layer3+4,logreg,1,256,4,0.9935,0.8304093567251462,0.71,1.0,0.855
ImageNet,masked,layer3+4,logreg,1,all,0,0.9919,0.8888888888888888,0.8,1.0,0.9
ImageNet,masked,layer3+4,logreg,2,16,0,0.9588333333333332,0.8851063829787233,0.8666666666666667,0.89,0.8783333333333334
ImageNet,masked,layer3+4,logreg,2,16,1,0.9035833333333334,0.7751196172248804,0.675,0.92,0.7975000000000001
ImageNet,masked,layer3+4,logreg,2,16,2,0.9260833333333331,0.8319327731092437,0.825,0.81,0.8175
ImageNet,masked,layer3+4,logreg,2,16,3,0.8941250000000001,0.8029197080291971,0.9166666666666666,0.56,0.7383333333333333
ImageNet,masked,layer3+4,logreg,2,16,4,0.9306666666666666,0.8888888888888888,1.0,0.7,0.85
ImageNet,masked,layer3+4,logreg,2,32,0,0.9745833333333334,0.9113924050632912,0.9,0.91,0.905
ImageNet,masked,layer3+4,logreg,2,32,1,0.9831666666666666,0.9224489795918368,0.9416666666666668,0.88,0.9108333333333334
ImageNet,masked,layer3+4,logreg,2,32,2,0.9244166666666668,0.8490566037735849,0.75,0.98,0.865
ImageNet,masked,layer3+4,logreg,2,32,3,0.9356666666666666,0.8558951965065502,0.8166666666666667,0.89,0.8533333333333333
ImageNet,masked,layer3+4,logreg,2,32,4,0.9261666666666668,0.8477366255144033,0.8583333333333333,0.8,0.8291666666666666
ImageNet,masked,layer3+4,logreg,2,64,0,0.9515833333333332,0.8666666666666667,0.8666666666666667,0.84,0.8533333333333333
ImageNet,masked,layer3+4,logreg,2,64,1,0.9503333333333334,0.943089430894309,0.9666666666666668,0.9,0.9333333333333332
ImageNet,masked,layer3+4,logreg,2,64,2,0.9566666666666668,0.8925619834710744,0.9,0.86,0.88
ImageNet,masked,layer3+4,logreg,2,64,3,0.983,0.9304347826086956,0.8916666666666667,0.97,0.9308333333333334
ImageNet,masked,layer3+4,logreg,2,64,4,0.9650833333333334,0.9112903225806452,0.9416666666666668,0.85,0.8958333333333333
ImageNet,masked,layer3+4,logreg,2,128,0,0.9951666666666668,0.9669421487603306,0.975,0.95,0.9625
ImageNet,masked,layer3+4,logreg,2,128,1,0.9825833333333334,0.9426229508196722,0.9583333333333334,0.91,0.9341666666666668
ImageNet,masked,layer3+4,logreg,2,128,2,0.9944166666666666,0.963265306122449,0.9833333333333332,0.93,0.9566666666666668
ImageNet,masked,layer3+4,logreg,2,128,3,0.9855,0.9377593360995852,0.9416666666666668,0.92,0.9308333333333334
ImageNet,masked,layer3+4,logreg,2,128,4,0.9443333333333334,0.853448275862069,0.825,0.87,0.8474999999999999
ImageNet,masked,layer3+4,logreg,2,256,0,0.9825,0.9590163934426228,0.975,0.93,0.9525
ImageNet,masked,layer3+4,logreg,2,256,1,0.9855833333333331,0.9554655870445344,0.9833333333333332,0.91,0.9466666666666668
ImageNet,masked,layer3+4,logreg,2,256,2,0.9804166666666668,0.9112903225806452,0.9416666666666668,0.85,0.8958333333333333
ImageNet,masked,layer3+4,logreg,2,256,3,0.9883333333333332,0.9372384937238494,0.9333333333333332,0.93,0.9316666666666666
ImageNet,masked,layer3+4,logreg,2,256,4,0.97575,0.9166666666666666,0.9166666666666666,0.9,0.9083333333333332
ImageNet,masked,layer3+4,logreg,2,all,0,0.9838333333333332,0.9294605809128632,0.9333333333333332,0.91,0.9216666666666666
ImageNet,masked,layer3+4,logreg,3,16,0,0.695625,0.567741935483871,0.55,0.69,0.62
ImageNet,masked,layer3+4,logreg,3,16,1,0.87475,0.783625730994152,0.8375,0.76,0.7987500000000001
ImageNet,masked,layer3+4,logreg,3,16,2,0.8573125,0.7692307692307693,0.875,0.68,0.7775000000000001
ImageNet,masked,layer3+4,logreg,3,16,3,0.976375,0.9006622516556292,0.85,0.97,0.91
ImageNet,masked,layer3+4,logreg,3,16,4,0.8084999999999999,0.700507614213198,0.8625,0.52,0.69125
ImageNet,masked,layer3+4,logreg,3,32,0,0.8543125,0.7,0.7875,0.63,0.70875
ImageNet,masked,layer3+4,logreg,3,32,1,0.8805000000000001,0.78125,0.9375,0.63,0.78375
ImageNet,masked,layer3+4,logreg,3,32,2,0.764375,0.6748466257668712,0.6875,0.72,0.70375
ImageNet,masked,layer3+4,logreg,3,32,3,0.863125,0.7904191616766467,0.825,0.79,0.8075
ImageNet,masked,layer3+4,logreg,3,32,4,0.77575,0.7428571428571429,0.8125,0.7,0.75625
ImageNet,masked,layer3+4,logreg,3,64,0,0.910375,0.8064516129032258,0.9375,0.69,0.81375
ImageNet,masked,layer3+4,logreg,3,64,1,0.941625,0.8333333333333334,1.0,0.68,0.8400000000000001
ImageNet,masked,layer3+4,logreg,3,64,2,0.8718125000000001,0.8102564102564103,0.9875,0.64,0.81375
ImageNet,masked,layer3+4,logreg,3,64,3,0.918875,0.8491620111731844,0.95,0.77,0.86
ImageNet,masked,layer3+4,logreg,3,64,4,0.828625,0.8114285714285714,0.8875,0.76,0.82375
ImageNet,masked,layer3+4,logreg,3,128,0,0.90525,0.8121827411167513,1.0,0.63,0.815
ImageNet,masked,layer3+4,logreg,3,128,1,0.939625,0.851063829787234,1.0,0.72,0.86
ImageNet,masked,layer3+4,logreg,3,128,2,0.859,0.7894736842105263,0.9375,0.65,0.79375
ImageNet,masked,layer3+4,logreg,3,128,3,0.88225,0.8121827411167513,1.0,0.63,0.815
ImageNet,masked,layer3+4,logreg,3,128,4,0.938625,0.8421052631578947,1.0,0.7,0.85
ImageNet,masked,layer3+4,logreg,3,256,0,0.88475,0.7897435897435897,0.9625,0.62,0.79125
ImageNet,masked,layer3+4,logreg,3,256,1,0.85075,0.8144329896907216,0.9875,0.65,0.8187500000000001
ImageNet,masked,layer3+4,logreg,3,256,2,0.90025,0.8229166666666666,0.9875,0.67,0.8287500000000001
ImageNet,masked,layer3+4,logreg,3,256,3,0.89225,0.837696335078534,1.0,0.69,0.845
ImageNet,masked,layer3+4,logreg,3,256,4,0.903875,0.8229166666666666,0.9875,0.67,0.8287500000000001
ImageNet,masked,layer3+4,logreg,3,all,0,0.8955,0.8315789473684211,0.9875,0.69,0.83875
ImageNet,masked,layer3+4,logreg,4,16,0,0.99075,0.9041095890410958,0.825,1.0,0.9125
ImageNet,masked,layer3+4,logreg,4,16,1,0.7713333333333333,0.6187845303867403,0.4666666666666667,0.95,0.7083333333333333
ImageNet,masked,layer3+4,logreg,4,16,2,0.9705,0.9090909090909092,0.875,0.94,0.9075
ImageNet,masked,layer3+4,logreg,4,16,3,0.9559166666666666,0.8691588785046729,0.775,0.99,0.8825000000000001
ImageNet,masked,layer3+4,logreg,4,16,4,0.951,0.8738738738738738,0.8083333333333333,0.95,0.8791666666666667
ImageNet,masked,layer3+4,logreg,4,32,0,0.9959166666666666,0.961038961038961,0.925,1.0,0.9625
ImageNet,masked,layer3+4,logreg,4,32,1,0.9963333333333334,0.933920704845815,0.8833333333333333,0.99,0.9366666666666666
ImageNet,masked,layer3+4,logreg,4,32,2,0.9953333333333332,0.9473684210526316,0.9,1.0,0.95
ImageNet,masked,layer3+4,logreg,4,32,3,0.9991666666666666,0.9658119658119658,0.9416666666666668,0.99,0.9658333333333332
ImageNet,masked,layer3+4,logreg,4,32,4,0.97425,0.9,0.825,0.99,0.9075
ImageNet,masked,layer3+4,logreg,4,64,0,0.9983333333333332,0.9745762711864406,0.9583333333333334,0.99,0.9741666666666666
ImageNet,masked,layer3+4,logreg,4,64,1,0.9995,0.9830508474576272,0.9666666666666668,1.0,0.9833333333333334
ImageNet,masked,layer3+4,logreg,4,64,2,0.9806666666666668,0.9572649572649572,0.9333333333333332,0.98,0.9566666666666668
ImageNet,masked,layer3+4,logreg,4,64,3,0.9881666666666666,0.9873417721518988,0.975,1.0,0.9875
ImageNet,masked,layer3+4,logreg,4,64,4,0.9865833333333331,0.9535864978902954,0.9416666666666668,0.96,0.9508333333333332
ImageNet,masked,layer3+4,logreg,4,128,0,0.9986666666666668,0.9831932773109244,0.975,0.99,0.9825
ImageNet,masked,layer3+4,logreg,4,128,1,0.9964166666666668,0.99581589958159,0.9916666666666668,1.0,0.9958333333333332
ImageNet,masked,layer3+4,logreg,4,128,2,0.9975,0.9873417721518988,0.975,1.0,0.9875
ImageNet,masked,layer3+4,logreg,4,128,3,1.0,1.0,1.0,1.0,1.0
ImageNet,masked,layer3+4,logreg,4,128,4,0.9978333333333332,0.9831932773109244,0.975,0.99,0.9825
ImageNet,masked,layer3+4,logreg,4,256,0,1.0,0.9873417721518988,0.975,1.0,0.9875
ImageNet,masked,layer3+4,logreg,4,256,1,1.0,1.0,1.0,1.0,1.0
ImageNet,masked,layer3+4,logreg,4,256,2,1.0,0.9873417721518988,0.975,1.0,0.9875
ImageNet,masked,layer3+4,logreg,4,256,3,1.0,0.9873417721518988,0.975,1.0,0.9875
ImageNet,masked,layer3+4,logreg,4,256,4,0.9999166666666668,0.9873417721518988,0.975,1.0,0.9875
ImageNet,masked,layer3+4,logreg,4,all,0,1.0,0.9915966386554622,0.9833333333333332,1.0,0.9916666666666668
Random init,masked,layer3+4,logreg,0,16,0,0.810625,0.6527777777777778,0.5875,0.83,0.70875
Random init,masked,layer3+4,logreg,0,16,1,0.86525,0.7354838709677419,0.7125,0.82,0.76625
Random init,masked,layer3+4,logreg,0,16,2,0.8326250000000001,0.8201438848920863,0.7125,0.98,0.84625
Random init,masked,layer3+4,logreg,0,16,3,0.879125,0.7516778523489933,0.7,0.87,0.7849999999999999
Random init,masked,layer3+4,logreg,0,16,4,0.819375,0.5522388059701493,0.4625,0.83,0.64625
Random init,masked,layer3+4,logreg,0,32,0,0.883625,0.782051282051282,0.7625,0.85,0.8062499999999999
Random init,masked,layer3+4,logreg,0,32,1,0.6964999999999999,0.5517241379310345,0.5,0.75,0.625
Random init,masked,layer3+4,logreg,0,32,2,0.78175,0.7012987012987013,0.675,0.8,0.7375
Random init,masked,layer3+4,logreg,0,32,3,0.8524999999999999,0.7172413793103448,0.65,0.87,0.76
Random init,masked,layer3+4,logreg,0,32,4,0.888,0.7388535031847133,0.725,0.81,0.7675000000000001
Random init,masked,layer3+4,logreg,0,64,0,0.8056249999999999,0.6111111111111112,0.55,0.8,0.675
Random init,masked,layer3+4,logreg,0,64,1,0.7665000000000001,0.6486486486486487,0.6,0.8,0.7
Random init,masked,layer3+4,logreg,0,64,2,0.7842499999999999,0.7307692307692307,0.7125,0.81,0.76125
Random init,masked,layer3+4,logreg,0,64,3,0.806125,0.6967741935483871,0.675,0.79,0.7325
Random init,masked,layer3+4,logreg,0,64,4,0.789125,0.7006369426751592,0.6875,0.78,0.73375
Random init,masked,layer3+4,logreg,0,128,0,0.7775,0.6751592356687898,0.6625,0.76,0.7112499999999999
Random init,masked,layer3+4,logreg,0,128,1,0.7455,0.5714285714285714,0.5,0.8,0.65
Random init,masked,layer3+4,logreg,0,128,2,0.807875,0.6883116883116883,0.6625,0.79,0.7262500000000001
Random init,masked,layer3+4,logreg,0,128,3,0.7578749999999999,0.632258064516129,0.6125,0.74,0.67625
Random init,masked,layer3+4,logreg,0,128,4,0.81525,0.717948717948718,0.7,0.8,0.75
Random init,masked,layer3+4,logreg,0,256,0,0.757,0.6754966887417219,0.6375,0.8,0.71875
Random init,masked,layer3+4,logreg,0,256,1,0.7425,0.6578947368421053,0.625,0.78,0.7025
Random init,masked,layer3+4,logreg,0,256,2,0.7683749999999999,0.6709677419354839,0.65,0.77,0.71
Random init,masked,layer3+4,logreg,0,256,3,0.7301249999999999,0.5734265734265734,0.5125,0.78,0.64625
Random init,masked,layer3+4,logreg,0,256,4,0.7815,0.6206896551724138,0.5625,0.8,0.68125
Random init,masked,layer3+4,logreg,0,all,0,0.735,0.5945945945945946,0.55,0.76,0.655
Random init,masked,layer3+4,logreg,1,16,0,0.6718999999999999,0.4968152866242038,0.39,0.82,0.605
Random init,masked,layer3+4,logreg,1,16,1,0.6640999999999999,0.625,0.5,0.9,0.7
Random init,masked,layer3+4,logreg,1,16,2,0.6726000000000001,0.6127167630057804,0.53,0.8,0.665
Random init,masked,layer3+4,logreg,1,16,3,0.6183000000000001,0.5497076023391813,0.47,0.76,0.615
Random init,masked,layer3+4,logreg,1,16,4,0.6835,0.4126984126984127,0.26,1.0,0.63
Random init,masked,layer3+4,logreg,1,32,0,0.6162,0.490566037735849,0.39,0.8,0.595
Random init,masked,layer3+4,logreg,1,32,1,0.6996,0.6476190476190476,0.68,0.58,0.63
Random init,masked,layer3+4,logreg,1,32,2,0.6974,0.5347593582887701,0.5,0.63,0.565
Random init,masked,layer3+4,logreg,1,32,3,0.6227999999999999,0.6127167630057804,0.53,0.8,0.665
Random init,masked,layer3+4,logreg,1,32,4,0.5142,0.3380281690140845,0.24,0.82,0.53
Random init,masked,layer3+4,logreg,1,64,0,0.7094,0.6031746031746031,0.57,0.68,0.625
Random init,masked,layer3+4,logreg,1,64,1,0.6331,0.6222222222222222,0.56,0.76,0.66
Random init,masked,layer3+4,logreg,1,64,2,0.6267999999999998,0.5093167701863354,0.41,0.8,0.605
Random init,masked,layer3+4,logreg,1,64,3,0.6708000000000001,0.5909090909090909,0.52,0.76,0.64
Random init,masked,layer3+4,logreg,1,64,4,0.6818,0.4484848484848485,0.37,0.72,0.5449999999999999
Random init,masked,layer3+4,logreg,1,128,0,0.675,0.6214689265536724,0.55,0.78,0.665
Random init,masked,layer3+4,logreg,1,128,1,0.6169999999999999,0.5786802030456852,0.57,0.6,0.585
Random init,masked,layer3+4,logreg,1,128,2,0.6585,0.6404494382022472,0.57,0.79,0.6799999999999999
Random init,masked,layer3+4,logreg,1,128,3,0.6127999999999999,0.5670103092783505,0.55,0.61,0.5800000000000001
Random init,masked,layer3+4,logreg,1,128,4,0.6498999999999999,0.5858585858585859,0.58,0.6,0.59
Random init,masked,layer3+4,logreg,1,256,0,0.7139,0.5443786982248521,0.46,0.77,0.615
Random init,masked,layer3+4,logreg,1,256,1,0.6860999999999999,0.6033519553072626,0.54,0.75,0.645
Random init,masked,layer3+4,logreg,1,256,2,0.6917,0.5858585858585859,0.58,0.6,0.59
Random init,masked,layer3+4,logreg,1,256,3,0.7198,0.6214689265536724,0.55,0.78,0.665
Random init,masked,layer3+4,logreg,1,256,4,0.6860999999999999,0.5625,0.54,0.62,0.5800000000000001
Random init,masked,layer3+4,logreg,1,all,0,0.6733,0.5641025641025641,0.55,0.6,0.575
Random init,masked,layer3+4,logreg,2,16,0,0.8024166666666667,0.1679389312977099,0.0916666666666666,1.0,0.5458333333333333
Random init,masked,layer3+4,logreg,2,16,1,0.7405833333333334,0.3793103448275862,0.275,0.79,0.5325
Random init,masked,layer3+4,logreg,2,16,2,0.7894166666666667,0.6538461538461539,0.5666666666666667,0.8,0.6833333333333333
Random init,masked,layer3+4,logreg,2,16,3,0.9401666666666668,0.8421052631578947,0.8,0.88,0.8400000000000001
Random init,masked,layer3+4,logreg,2,16,4,0.7655833333333333,0.5263157894736842,0.4166666666666667,0.8,0.6083333333333334
Random init,masked,layer3+4,logreg,2,32,0,0.9798333333333334,0.8977777777777778,0.8416666666666667,0.96,0.9008333333333334
Random init,masked,layer3+4,logreg,2,32,1,0.61225,0.6255144032921811,0.6333333333333333,0.53,0.5816666666666667
Random init,masked,layer3+4,logreg,2,32,2,0.836,0.6976744186046512,0.625,0.8,0.7125
Random init,masked,layer3+4,logreg,2,32,3,0.9903333333333332,0.9380530973451328,0.8833333333333333,1.0,0.9416666666666668
Random init,masked,layer3+4,logreg,2,32,4,0.6074583333333334,0.5286343612334802,0.5,0.53,0.515
Random init,masked,layer3+4,logreg,2,64,0,0.8644166666666667,0.7096774193548387,0.6416666666666667,0.8,0.7208333333333334
Random init,masked,layer3+4,logreg,2,64,1,0.8867499999999999,0.7069767441860465,0.6333333333333333,0.81,0.7216666666666667
Random init,masked,layer3+4,logreg,2,64,2,0.8110833333333334,0.4782608695652174,0.3666666666666666,0.8,0.5833333333333334
Random init,masked,layer3+4,logreg,2,64,3,0.8925833333333333,0.6732673267326733,0.5666666666666667,0.86,0.7133333333333334
Random init,masked,layer3+4,logreg,2,64,4,0.76525,0.5257731958762887,0.425,0.77,0.5975
Random init,masked,layer3+4,logreg,2,128,0,0.8569166666666667,0.6538461538461539,0.5666666666666667,0.8,0.6833333333333333
Random init,masked,layer3+4,logreg,2,128,1,0.8160000000000001,0.6571428571428571,0.575,0.79,0.6825
Random init,masked,layer3+4,logreg,2,128,2,0.8485833333333334,0.7214611872146118,0.6583333333333333,0.8,0.7291666666666667
Random init,masked,layer3+4,logreg,2,128,3,0.8424166666666667,0.5858585858585859,0.4833333333333333,0.8,0.6416666666666667
Random init,masked,layer3+4,logreg,2,128,4,0.8175,0.7239819004524887,0.6666666666666666,0.79,0.7283333333333333
Random init,masked,layer3+4,logreg,2,256,0,0.8175,0.7123287671232876,0.65,0.79,0.72
Random init,masked,layer3+4,logreg,2,256,1,0.8335,0.7330316742081447,0.675,0.8,0.7375
Random init,masked,layer3+4,logreg,2,256,2,0.8144166666666666,0.6146341463414634,0.525,0.78,0.6525000000000001
Random init,masked,layer3+4,logreg,2,256,3,0.8330833333333333,0.676056338028169,0.6,0.79,0.6950000000000001
Random init,masked,layer3+4,logreg,2,256,4,0.8075,0.6944444444444444,0.625,0.79,0.7075
Random init,masked,layer3+4,logreg,2,all,0,0.8175,0.6476190476190476,0.5666666666666667,0.78,0.6733333333333333
Random init,masked,layer3+4,logreg,3,16,0,0.6890000000000001,0.5074626865671642,0.425,0.8,0.6125
Random init,masked,layer3+4,logreg,3,16,1,0.7515,0.5074626865671642,0.425,0.8,0.6125
Random init,masked,layer3+4,logreg,3,16,2,0.64,0.3968253968253968,0.3125,0.79,0.55125
Random init,masked,layer3+4,logreg,3,16,3,0.740875,0.6164383561643836,0.5625,0.79,0.67625
Random init,masked,layer3+4,logreg,3,16,4,0.7461249999999999,0.6577181208053692,0.6125,0.8,0.70625
Random init,masked,layer3+4,logreg,3,32,0,0.850875,0.8023952095808383,0.8375,0.8,0.8187500000000001
Random init,masked,layer3+4,logreg,3,32,1,0.643125,0.4126984126984127,0.325,0.8,0.5625
Random init,masked,layer3+4,logreg,3,32,2,0.8022499999999999,0.7804878048780488,0.8,0.8,0.8
Random init,masked,layer3+4,logreg,3,32,3,0.879875,0.7261146496815286,0.7125,0.8,0.7562500000000001
Random init,masked,layer3+4,logreg,3,32,4,0.8632500000000001,0.8764044943820225,0.975,0.8,0.8875
Random init,masked,layer3+4,logreg,3,64,0,0.7979999999999998,0.6206896551724138,0.5625,0.8,0.68125
Random init,masked,layer3+4,logreg,3,64,1,0.79575,0.7421383647798742,0.7375,0.8,0.76875
Random init,masked,layer3+4,logreg,3,64,2,0.9,0.8304093567251462,0.8875,0.8,0.84375
Random init,masked,layer3+4,logreg,3,64,3,0.8694999999999999,0.7421383647798742,0.7375,0.8,0.76875
Random init,masked,layer3+4,logreg,3,64,4,0.8626250000000001,0.6967741935483871,0.675,0.79,0.7325
Random init,masked,layer3+4,logreg,3,128,0,0.88975,0.8372093023255814,0.9,0.8,0.8500000000000001
Random init,masked,layer3+4,logreg,3,128,1,0.908875,0.8235294117647058,0.875,0.8,0.8375
Random init,masked,layer3+4,logreg,3,128,2,0.884625,0.7878787878787878,0.8125,0.8,0.80625
Random init,masked,layer3+4,logreg,3,128,3,0.912625,0.8255813953488372,0.8875,0.79,0.83875
Random init,masked,layer3+4,logreg,3,128,4,0.89,0.7654320987654321,0.775,0.8,0.7875000000000001
Random init,masked,layer3+4,logreg,3,256,0,0.903,0.8187134502923976,0.875,0.79,0.8325
Random init,masked,layer3+4,logreg,3,256,1,0.9115,0.6842105263157895,0.65,0.8,0.7250000000000001
Random init,masked,layer3+4,logreg,3,256,2,0.913125,0.8764044943820225,0.975,0.8,0.8875
Random init,masked,layer3+4,logreg,3,256,3,0.899,0.7012987012987013,0.675,0.8,0.7375
Random init,masked,layer3+4,logreg,3,256,4,0.913625,0.8255813953488372,0.8875,0.79,0.83875
Random init,masked,layer3+4,logreg,3,all,0,0.90925,0.6711409395973155,0.625,0.81,0.7175
Random init,masked,layer3+4,logreg,4,16,0,0.8548333333333333,0.8327402135231317,0.975,0.56,0.7675000000000001
Random init,masked,layer3+4,logreg,4,16,1,0.6693333333333333,0.6497890295358649,0.6416666666666667,0.6,0.6208333333333333
Random init,masked,layer3+4,logreg,4,16,2,0.7771666666666666,0.7384615384615385,0.6,0.97,0.7849999999999999
Random init,masked,layer3+4,logreg,4,16,3,0.52975,0.5084745762711864,0.5,0.44,0.47
Random init,masked,layer3+4,logreg,4,16,4,0.956,0.8733624454148472,0.8333333333333334,0.91,0.8716666666666667
Random init,masked,layer3+4,logreg,4,32,0,0.842,0.889763779527559,0.9416666666666668,0.79,0.8658333333333333
Random init,masked,layer3+4,logreg,4,32,1,0.9530833333333332,0.9142857142857144,0.9333333333333332,0.87,0.9016666666666666
Random init,masked,layer3+4,logreg,4,32,2,0.91125,0.8163265306122449,0.8333333333333334,0.75,0.7916666666666667
Random init,masked,layer3+4,logreg,4,32,3,0.90725,0.865546218487395,0.8583333333333333,0.85,0.8541666666666666
Random init,masked,layer3+4,logreg,4,32,4,0.9244166666666666,0.8790322580645161,0.9083333333333332,0.81,0.8591666666666666
Random init,masked,layer3+4,logreg,4,64,0,0.9416666666666668,0.9083969465648856,0.9916666666666668,0.77,0.8808333333333334
Random init,masked,layer3+4,logreg,4,64,1,0.8191666666666666,0.7426160337552743,0.7333333333333333,0.71,0.7216666666666667
Random init,masked,layer3+4,logreg,4,64,2,0.9536666666666668,0.90625,0.9666666666666668,0.8,0.8833333333333333
Random init,masked,layer3+4,logreg,4,64,3,0.8831666666666667,0.8458498023715415,0.8916666666666667,0.74,0.8158333333333334
Random init,masked,layer3+4,logreg,4,64,4,0.9360833333333334,0.8387096774193549,0.975,0.58,0.7775
Random init,masked,layer3+4,logreg,4,128,0,0.9285,0.8708487084870848,0.9833333333333332,0.67,0.8266666666666667
Random init,masked,layer3+4,logreg,4,128,1,0.8106666666666668,0.7755102040816326,0.7916666666666666,0.7,0.7458333333333333
Random init,masked,layer3+4,logreg,4,128,2,0.8506666666666667,0.757201646090535,0.7666666666666667,0.69,0.7283333333333333
Random init,masked,layer3+4,logreg,4,128,3,0.78125,0.6833333333333333,0.6833333333333333,0.62,0.6516666666666666
Random init,masked,layer3+4,logreg,4,128,4,0.86475,0.890625,0.95,0.78,0.865
Random init,masked,layer3+4,logreg,4,256,0,0.7504166666666666,0.70042194092827,0.6916666666666667,0.66,0.6758333333333333
Random init,masked,layer3+4,logreg,4,256,1,0.8691666666666666,0.8264462809917356,0.8333333333333334,0.78,0.8066666666666666
Random init,masked,layer3+4,logreg,4,256,2,0.893,0.8888888888888888,0.9666666666666668,0.75,0.8583333333333334
Random init,masked,layer3+4,logreg,4,256,3,0.8019166666666666,0.7224669603524229,0.6833333333333333,0.75,0.7166666666666667
Random init,masked,layer3+4,logreg,4,256,4,0.7834166666666667,0.7168141592920354,0.675,0.75,0.7125
Random init,masked,layer3+4,logreg,4,all,0,0.7412500000000001,0.6893617021276596,0.675,0.66,0.6675
VICReg (ours),full,layer3+4,logreg,0,16,0,0.715875,0.6330935251798561,0.55,0.85,0.7
VICReg (ours),full,layer3+4,logreg,0,16,1,0.7229999999999999,0.546875,0.4375,0.87,0.65375
VICReg (ours),full,layer3+4,logreg,0,16,2,0.72775,0.6380368098159509,0.65,0.69,0.6699999999999999
VICReg (ours),full,layer3+4,logreg,0,16,3,0.7567499999999999,0.5736434108527132,0.4625,0.88,0.67125
VICReg (ours),full,layer3+4,logreg,0,16,4,0.5762499999999999,0.5414364640883977,0.6125,0.48,0.54625
VICReg (ours),full,layer3+4,logreg,0,32,0,0.8015,0.5384615384615384,0.4375,0.85,0.64375
VICReg (ours),full,layer3+4,logreg,0,32,1,0.7278749999999999,0.6583850931677019,0.6625,0.72,0.6912499999999999
VICReg (ours),full,layer3+4,logreg,0,32,2,0.78125,0.6931818181818182,0.7625,0.65,0.70625
VICReg (ours),full,layer3+4,logreg,0,32,3,0.739,0.65625,0.525,0.94,0.7324999999999999
VICReg (ours),full,layer3+4,logreg,0,32,4,0.584375,0.592964824120603,0.7375,0.4,0.5687500000000001
VICReg (ours),full,layer3+4,logreg,0,64,0,0.787875,0.6216216216216216,0.575,0.78,0.6775
VICReg (ours),full,layer3+4,logreg,0,64,1,0.7423750000000001,0.5481481481481482,0.4625,0.82,0.64125
VICReg (ours),full,layer3+4,logreg,0,64,2,0.742875,0.5797101449275363,0.5,0.82,0.6599999999999999
VICReg (ours),full,layer3+4,logreg,0,64,3,0.879,0.8235294117647058,0.875,0.8,0.8375
VICReg (ours),full,layer3+4,logreg,0,64,4,0.67925,0.589041095890411,0.5375,0.77,0.65375
VICReg (ours),full,layer3+4,logreg,0,128,0,0.91025,0.7123287671232876,0.65,0.86,0.755
VICReg (ours),full,layer3+4,logreg,0,128,1,0.921125,0.7804878048780488,0.8,0.8,0.8
VICReg (ours),full,layer3+4,logreg,0,128,2,0.7862500000000001,0.6826347305389222,0.7125,0.7,0.70625
VICReg (ours),full,layer3+4,logreg,0,128,3,0.973,0.8813559322033898,0.975,0.81,0.8925000000000001
VICReg (ours),full,layer3+4,logreg,0,128,4,0.7906249999999999,0.6666666666666666,0.625,0.8,0.7125
VICReg (ours),full,layer3+4,logreg,0,256,0,0.8872499999999999,0.7341772151898734,0.725,0.8,0.7625
VICReg (ours),full,layer3+4,logreg,0,256,1,0.9365,0.7702702702702703,0.7125,0.89,0.80125
VICReg (ours),full,layer3+4,logreg,0,256,2,0.92525,0.8117647058823529,0.8625,0.79,0.82625
VICReg (ours),full,layer3+4,logreg,0,256,3,0.959125,0.868421052631579,0.825,0.94,0.8825
VICReg (ours),full,layer3+4,logreg,0,256,4,0.94675,0.8414634146341463,0.8625,0.85,0.85625
VICReg (ours),full,layer3+4,logreg,0,all,0,0.983875,0.902439024390244,0.925,0.9,0.9125
VICReg (ours),full,layer3+4,logreg,1,16,0,0.7411,0.5930232558139535,0.51,0.79,0.65
VICReg (ours),full,layer3+4,logreg,1,16,1,0.6349,0.4929577464788732,0.35,0.93,0.64
VICReg (ours),full,layer3+4,logreg,1,16,2,0.4612,0.5069124423963134,0.55,0.38,0.465
VICReg (ours),full,layer3+4,logreg,1,16,3,0.5462,0.5253456221198156,0.57,0.4,0.485
VICReg (ours),full,layer3+4,logreg,1,16,4,0.4163,0.4848484848484848,0.48,0.5,0.49
VICReg (ours),full,layer3+4,logreg,1,32,0,0.7154999999999999,0.6990291262135923,0.72,0.66,0.69
VICReg (ours),full,layer3+4,logreg,1,32,1,0.6588,0.6481481481481481,0.7,0.54,0.62
VICReg (ours),full,layer3+4,logreg,1,32,2,0.727,0.6604651162790698,0.71,0.56,0.635
VICReg (ours),full,layer3+4,logreg,1,32,3,0.5690000000000001,0.5,0.56,0.32,0.44
VICReg (ours),full,layer3+4,logreg,1,32,4,0.53005,0.5612244897959183,0.55,0.59,0.5700000000000001
VICReg (ours),full,layer3+4,logreg,1,64,0,0.717,0.6632124352331606,0.64,0.71,0.675
VICReg (ours),full,layer3+4,logreg,1,64,1,0.8666999999999999,0.8165680473372781,0.69,1.0,0.845
VICReg (ours),full,layer3+4,logreg,1,64,2,0.6265999999999999,0.6176470588235294,0.63,0.59,0.61
VICReg (ours),full,layer3+4,logreg,1,64,3,0.8215,0.7701149425287356,0.67,0.93,0.8
VICReg (ours),full,layer3+4,logreg,1,64,4,0.8215,0.7692307692307693,0.65,0.96,0.8049999999999999
VICReg (ours),full,layer3+4,logreg,1,128,0,0.7602000000000001,0.7513227513227513,0.71,0.82,0.7649999999999999
VICReg (ours),full,layer3+4,logreg,1,128,1,0.7106,0.6934673366834171,0.69,0.7,0.695
VICReg (ours),full,layer3+4,logreg,1,128,2,0.7813,0.8361581920903954,0.74,0.97,0.855
VICReg (ours),full,layer3+4,logreg,1,128,3,0.7918999999999999,0.7956989247311828,0.74,0.88,0.81
VICReg (ours),full,layer3+4,logreg,1,128,4,0.932,0.8304093567251462,0.71,1.0,0.855
VICReg (ours),full,layer3+4,logreg,1,256,0,0.8322999999999999,0.8255813953488372,0.71,0.99,0.85
VICReg (ours),full,layer3+4,logreg,1,256,1,0.8468,0.8095238095238095,0.68,1.0,0.8400000000000001
VICReg (ours),full,layer3+4,logreg,1,256,2,0.8045999999999999,0.8372093023255814,0.72,1.0,0.86
VICReg (ours),full,layer3+4,logreg,1,256,3,0.7959999999999999,0.8248587570621468,0.73,0.96,0.845
VICReg (ours),full,layer3+4,logreg,1,256,4,0.7869,0.8439306358381503,0.73,1.0,0.865
VICReg (ours),full,layer3+4,logreg,1,all,0,0.9176,0.8571428571428571,0.75,1.0,0.875
VICReg (ours),full,layer3+4,logreg,2,16,0,0.5245833333333333,0.5081967213114754,0.5166666666666667,0.38,0.4483333333333333
VICReg (ours),full,layer3+4,logreg,2,16,1,0.5581666666666667,0.6360424028268551,0.75,0.27,0.51
VICReg (ours),full,layer3+4,logreg,2,16,2,0.6257916666666666,0.6863468634686347,0.775,0.42,0.5975
VICReg (ours),full,layer3+4,logreg,2,16,3,0.81825,0.7705627705627706,0.7416666666666667,0.78,0.7608333333333334
VICReg (ours),full,layer3+4,logreg,2,16,4,0.6972499999999999,0.6973180076628352,0.7583333333333333,0.5,0.6291666666666667
VICReg (ours),full,layer3+4,logreg,2,32,0,0.54925,0.5429864253393665,0.5,0.59,0.5449999999999999
VICReg (ours),full,layer3+4,logreg,2,32,1,0.6619999999999999,0.711864406779661,0.7,0.68,0.69
VICReg (ours),full,layer3+4,logreg,2,32,2,0.6374166666666666,0.611353711790393,0.5833333333333334,0.61,0.5966666666666667
VICReg (ours),full,layer3+4,logreg,2,32,3,0.7438333333333333,0.6907630522088354,0.7166666666666667,0.57,0.6433333333333333
VICReg (ours),full,layer3+4,logreg,2,32,4,0.8358333333333333,0.7711864406779662,0.7583333333333333,0.75,0.7541666666666667
VICReg (ours),full,layer3+4,logreg,2,64,0,0.7499166666666667,0.7054263565891473,0.7583333333333333,0.53,0.6441666666666667
VICReg (ours),full,layer3+4,logreg,2,64,1,0.8676666666666666,0.8278388278388278,0.9416666666666668,0.6,0.7708333333333333
VICReg (ours),full,layer3+4,logreg,2,64,2,0.7225833333333334,0.6542056074766355,0.5833333333333334,0.76,0.6716666666666666
VICReg (ours),full,layer3+4,logreg,2,64,3,0.8670833333333333,0.8307692307692308,0.9,0.68,0.79
VICReg (ours),full,layer3+4,logreg,2,64,4,0.6264166666666667,0.6147540983606558,0.625,0.51,0.5675
VICReg (ours),full,layer3+4,logreg,2,128,0,0.8903333333333333,0.8145454545454546,0.9333333333333332,0.57,0.7516666666666667
VICReg (ours),full,layer3+4,logreg,2,128,1,0.8565,0.7803030303030303,0.8583333333333333,0.59,0.7241666666666666
VICReg (ours),full,layer3+4,logreg,2,128,2,0.7996666666666666,0.762962962962963,0.8583333333333333,0.53,0.6941666666666666
VICReg (ours),full,layer3+4,logreg,2,128,3,0.7827500000000001,0.7230769230769231,0.7833333333333333,0.54,0.6616666666666666
VICReg (ours),full,layer3+4,logreg,2,128,4,0.8428333333333333,0.7509578544061303,0.8166666666666667,0.57,0.6933333333333334
VICReg (ours),full,layer3+4,logreg,2,256,0,0.8601666666666666,0.7954545454545454,0.875,0.61,0.7424999999999999
VICReg (ours),full,layer3+4,logreg,2,256,1,0.92425,0.8308823529411765,0.9416666666666668,0.61,0.7758333333333334
VICReg (ours),full,layer3+4,logreg,2,256,2,0.8828333333333334,0.7686567164179104,0.8583333333333333,0.55,0.7041666666666666
VICReg (ours),full,layer3+4,logreg,2,256,3,0.8955833333333333,0.846441947565543,0.9416666666666668,0.66,0.8008333333333333
VICReg (ours),full,layer3+4,logreg,2,256,4,0.8788333333333334,0.7732342007434945,0.8666666666666667,0.55,0.7083333333333334
VICReg (ours),full,layer3+4,logreg,2,all,0,0.9034166666666666,0.8058608058608059,0.9166666666666666,0.57,0.7433333333333333
VICReg (ours),full,layer3+4,logreg,3,16,0,0.68875,0.5454545454545454,0.4875,0.76,0.62375
VICReg (ours),full,layer3+4,logreg,3,16,1,0.6667500000000001,0.5185185185185185,0.4375,0.8,0.61875
VICReg (ours),full,layer3+4,logreg,3,16,2,0.825375,0.5915492957746479,0.525,0.8,0.6625000000000001
VICReg (ours),full,layer3+4,logreg,3,16,3,0.688125,0.35,0.2625,0.81,0.53625
VICReg (ours),full,layer3+4,logreg,3,16,4,0.635625,0.7389162561576355,0.9375,0.52,0.72875
VICReg (ours),full,layer3+4,logreg,3,32,0,0.427625,0.3076923076923077,0.275,0.59,0.4325
VICReg (ours),full,layer3+4,logreg,3,32,1,0.43125,0.3252032520325203,0.25,0.77,0.51
VICReg (ours),full,layer3+4,logreg,3,32,2,0.752625,0.5588235294117647,0.475,0.82,0.6475
VICReg (ours),full,layer3+4,logreg,3,32,3,0.6087500000000001,0.5899280575539568,0.5125,0.82,0.66625
VICReg (ours),full,layer3+4,logreg,3,32,4,0.65925,0.5555555555555556,0.5625,0.63,0.59625
VICReg (ours),full,layer3+4,logreg,3,64,0,0.453375,0.359375,0.2875,0.75,0.51875
VICReg (ours),full,layer3+4,logreg,3,64,1,0.74375,0.5774647887323944,0.5125,0.79,0.65125
VICReg (ours),full,layer3+4,logreg,3,64,2,0.3705,0.3355704697986577,0.3125,0.56,0.43625
VICReg (ours),full,layer3+4,logreg,3,64,3,0.392875,0.2586206896551724,0.1875,0.79,0.48875
VICReg (ours),full,layer3+4,logreg,3,64,4,0.295125,0.3307086614173228,0.2625,0.74,0.50125
VICReg (ours),full,layer3+4,logreg,3,128,0,0.636375,0.5359477124183006,0.5125,0.68,0.59625
VICReg (ours),full,layer3+4,logreg,3,128,1,0.713875,0.4793388429752066,0.3625,0.88,0.62125
VICReg (ours),full,layer3+4,logreg,3,128,2,0.302125,0.3055555555555556,0.275,0.58,0.4275
VICReg (ours),full,layer3+4,logreg,3,128,3,0.59175,0.3418803418803419,0.25,0.83,0.54
VICReg (ours),full,layer3+4,logreg,3,128,4,0.542625,0.417391304347826,0.3,0.89,0.595
VICReg (ours),full,layer3+4,logreg,3,256,0,0.536375,0.4137931034482758,0.3,0.88,0.59
VICReg (ours),full,layer3+4,logreg,3,256,1,0.6773750000000001,0.4545454545454545,0.375,0.78,0.5775
VICReg (ours),full,layer3+4,logreg,3,256,2,0.5714999999999999,0.4102564102564102,0.3,0.87,0.585
VICReg (ours),full,layer3+4,logreg,3,256,3,0.7237499999999999,0.4864864864864865,0.3375,0.96,0.6487499999999999
VICReg (ours),full,layer3+4,logreg,3,256,4,0.6032500000000001,0.4496124031007752,0.3625,0.8,0.58125
VICReg (ours),full,layer3+4,logreg,3,all,0,0.6960000000000001,0.4642857142857143,0.325,0.94,0.6325
VICReg (ours),full,layer3+4,logreg,4,16,0,0.5990833333333334,0.7044534412955465,0.725,0.6,0.6625
VICReg (ours),full,layer3+4,logreg,4,16,1,0.4139166666666667,0.0,0.0,0.78,0.39
VICReg (ours),full,layer3+4,logreg,4,16,2,0.53525,0.5766423357664233,0.6583333333333333,0.25,0.4541666666666666
VICReg (ours),full,layer3+4,logreg,4,16,3,0.6085833333333334,0.6153846153846154,0.6,0.58,0.59
VICReg (ours),full,layer3+4,logreg,4,16,4,0.7215833333333332,0.6772908366533864,0.7083333333333334,0.54,0.6241666666666668
VICReg (ours),full,layer3+4,logreg,4,32,0,0.7967500000000001,0.8164794007490637,0.9083333333333332,0.62,0.7641666666666667
VICReg (ours),full,layer3+4,logreg,4,32,1,0.9278333333333332,0.8464730290456431,0.85,0.81,0.8300000000000001
VICReg (ours),full,layer3+4,logreg,4,32,2,0.4393333333333333,0.5571428571428572,0.65,0.18,0.415
VICReg (ours),full,layer3+4,logreg,4,32,3,0.7073333333333334,0.754863813229572,0.8083333333333333,0.6,0.7041666666666666
VICReg (ours),full,layer3+4,logreg,4,32,4,0.6688333333333334,0.6305084745762712,0.775,0.18,0.4775
VICReg (ours),full,layer3+4,logreg,4,64,0,0.8361666666666667,0.8100358422939068,0.9416666666666668,0.54,0.7408333333333333
VICReg (ours),full,layer3+4,logreg,4,64,1,0.8325833333333333,0.7972027972027972,0.95,0.48,0.715
VICReg (ours),full,layer3+4,logreg,4,64,2,0.9108333333333332,0.8664259927797834,1.0,0.63,0.815
VICReg (ours),full,layer3+4,logreg,4,64,3,0.807,0.784452296819788,0.925,0.48,0.7025
VICReg (ours),full,layer3+4,logreg,4,64,4,0.8664166666666666,0.8285714285714286,0.9666666666666668,0.56,0.7633333333333334
VICReg (ours),full,layer3+4,logreg,4,128,0,0.9885833333333334,0.8571428571428571,1.0,0.6,0.8
VICReg (ours),full,layer3+4,logreg,4,128,1,0.8313333333333334,0.8181818181818182,0.975,0.51,0.7424999999999999
VICReg (ours),full,layer3+4,logreg,4,128,2,0.9268333333333334,0.8135593220338984,1.0,0.45,0.725
VICReg (ours),full,layer3+4,logreg,4,128,3,0.9051666666666668,0.8309859154929577,0.9833333333333332,0.54,0.7616666666666667
VICReg (ours),full,layer3+4,logreg,4,128,4,0.7950833333333334,0.8027210884353742,0.9833333333333332,0.44,0.7116666666666667
VICReg (ours),full,layer3+4,logreg,4,256,0,0.92575,0.8135593220338984,1.0,0.45,0.725
VICReg (ours),full,layer3+4,logreg,4,256,1,0.95975,0.8695652173913043,1.0,0.64,0.8200000000000001
VICReg (ours),full,layer3+4,logreg,4,256,2,0.9390833333333334,0.8540925266903915,1.0,0.59,0.7949999999999999
VICReg (ours),full,layer3+4,logreg,4,256,3,0.88525,0.851063829787234,1.0,0.58,0.79
VICReg (ours),full,layer3+4,logreg,4,256,4,0.9203333333333332,0.851063829787234,1.0,0.58,0.79
VICReg (ours),full,layer3+4,logreg,4,all,0,0.9288333333333334,0.8540925266903915,1.0,0.59,0.7949999999999999
VICReg (ours),masked,layer3+4,mlp,0,16,0,0.923625,0.7516778523489933,0.7,0.87,0.7849999999999999
VICReg (ours),masked,layer3+4,mlp,0,16,1,0.867,0.7428571428571429,0.8125,0.7,0.75625
VICReg (ours),masked,layer3+4,mlp,0,16,2,0.8166249999999999,0.7596899224806202,0.6125,1.0,0.80625
VICReg (ours),masked,layer3+4,mlp,0,16,3,0.8955,0.76,0.7125,0.87,0.79125
VICReg (ours),masked,layer3+4,mlp,0,16,4,0.9375,0.8292682926829268,0.85,0.84,0.845
VICReg (ours),masked,layer3+4,mlp,0,32,0,0.871875,0.7848101265822784,0.775,0.84,0.8075
VICReg (ours),masked,layer3+4,mlp,0,32,1,0.642625,0.3714285714285714,0.325,0.66,0.4925
VICReg (ours),masked,layer3+4,mlp,0,32,2,0.773,0.6709677419354839,0.65,0.77,0.71
VICReg (ours),masked,layer3+4,mlp,0,32,3,0.92525,0.8321167883211679,0.7125,1.0,0.85625
VICReg (ours),masked,layer3+4,mlp,0,32,4,0.6726249999999999,0.5548387096774193,0.5375,0.68,0.60875
VICReg (ours),masked,layer3+4,mlp,0,64,0,0.8635,0.75,0.7125,0.85,0.78125
VICReg (ours),masked,layer3+4,mlp,0,64,1,0.878,0.7483870967741936,0.725,0.83,0.7775
VICReg (ours),masked,layer3+4,mlp,0,64,2,0.90175,0.6618705035971223,0.575,0.87,0.7224999999999999
VICReg (ours),masked,layer3+4,mlp,0,64,3,0.811,0.7567567567567568,0.875,0.65,0.7625
VICReg (ours),masked,layer3+4,mlp,0,64,4,0.9065,0.7346938775510204,0.675,0.87,0.7725
VICReg (ours),masked,layer3+4,mlp,0,128,0,0.86275,0.6808510638297872,0.6,0.87,0.735
VICReg (ours),masked,layer3+4,mlp,0,128,1,0.87325,0.8121212121212121,0.8375,0.82,0.82875
VICReg (ours),masked,layer3+4,mlp,0,128,2,0.8505,0.7692307692307693,0.8125,0.76,0.78625
VICReg (ours),masked,layer3+4,mlp,0,128,3,0.8485,0.7307692307692307,0.7125,0.81,0.76125
VICReg (ours),masked,layer3+4,mlp,0,128,4,0.934125,0.8076923076923077,0.7875,0.87,0.82875
VICReg (ours),masked,layer3+4,mlp,0,256,0,0.878125,0.7682119205298014,0.725,0.87,0.7975
VICReg (ours),masked,layer3+4,mlp,0,256,1,0.876625,0.8023255813953488,0.8625,0.77,0.81625
VICReg (ours),masked,layer3+4,mlp,0,256,2,0.895,0.8187134502923976,0.875,0.79,0.8325
VICReg (ours),masked,layer3+4,mlp,0,256,3,0.89425,0.7922077922077922,0.7625,0.87,0.8162499999999999
VICReg (ours),masked,layer3+4,mlp,0,256,4,0.8961250000000001,0.8121212121212121,0.8375,0.82,0.82875
VICReg (ours),masked,layer3+4,mlp,0,all,0,0.896375,0.8198757763975155,0.825,0.85,0.8374999999999999
VICReg (ours),masked,layer3+4,mlp,1,16,0,0.6011,0.5095541401273885,0.4,0.83,0.615
VICReg (ours),masked,layer3+4,mlp,1,16,1,0.5128,0.4395604395604395,0.4,0.58,0.49
VICReg (ours),masked,layer3+4,mlp,1,16,2,0.5205,0.5321100917431193,0.58,0.4,0.49
VICReg (ours),masked,layer3+4,mlp,1,16,3,0.6535500000000001,0.6548672566371682,0.74,0.48,0.61
VICReg (ours),masked,layer3+4,mlp,1,16,4,0.6438999999999999,0.6570048309178744,0.68,0.61,0.645
VICReg (ours),masked,layer3+4,mlp,1,32,0,0.5873,0.6048387096774194,0.75,0.27,0.51
VICReg (ours),masked,layer3+4,mlp,1,32,1,0.6444000000000001,0.6696428571428571,0.75,0.51,0.63
VICReg (ours),masked,layer3+4,mlp,1,32,2,0.6408999999999999,0.6228070175438597,0.71,0.43,0.57
VICReg (ours),masked,layer3+4,mlp,1,32,3,0.66825,0.6439024390243903,0.66,0.61,0.635
VICReg (ours),masked,layer3+4,mlp,1,32,4,0.6024,0.4916201117318435,0.44,0.65,0.545
VICReg (ours),masked,layer3+4,mlp,1,64,0,0.7729,0.7203791469194313,0.76,0.65,0.7050000000000001
VICReg (ours),masked,layer3+4,mlp,1,64,1,0.5925,0.4606741573033708,0.41,0.63,0.52
VICReg (ours),masked,layer3+4,mlp,1,64,2,0.6489,0.5876288659793815,0.57,0.63,0.6
VICReg (ours),masked,layer3+4,mlp,1,64,3,0.66605,0.4914285714285714,0.43,0.68,0.555
VICReg (ours),masked,layer3+4,mlp,1,64,4,0.7445999999999999,0.6564102564102564,0.64,0.69,0.665
VICReg (ours),masked,layer3+4,mlp,1,128,0,0.6223000000000001,0.6217616580310881,0.6,0.67,0.635
VICReg (ours),masked,layer3+4,mlp,1,128,1,0.68455,0.6540284360189573,0.69,0.58,0.635
VICReg (ours),masked,layer3+4,mlp,1,128,2,0.61165,0.6395939086294417,0.63,0.66,0.645
VICReg (ours),masked,layer3+4,mlp,1,128,3,0.64495,0.6632653061224489,0.65,0.69,0.6699999999999999
VICReg (ours),masked,layer3+4,mlp,1,128,4,0.6807,0.5396825396825397,0.51,0.62,0.565
VICReg (ours),masked,layer3+4,mlp,1,256,0,0.5919,0.5297297297297298,0.49,0.64,0.565
VICReg (ours),masked,layer3+4,mlp,1,256,1,0.6388999999999999,0.6470588235294118,0.66,0.62,0.64
VICReg (ours),masked,layer3+4,mlp,1,256,2,0.5886500000000001,0.6060606060606061,0.6,0.62,0.61
VICReg (ours),masked,layer3+4,mlp,1,256,3,0.60425,0.6231155778894473,0.62,0.63,0.625
VICReg (ours),masked,layer3+4,mlp,1,256,4,0.6736,0.6256410256410256,0.61,0.66,0.635
VICReg (ours),masked,layer3+4,mlp,1,all,0,0.619,0.6057692307692307,0.63,0.55,0.5900000000000001
VICReg (ours),masked,layer3+4,mlp,2,16,0,0.9074166666666668,0.7755102040816326,0.6333333333333333,1.0,0.8166666666666667
VICReg (ours),masked,layer3+4,mlp,2,16,1,0.6316666666666667,0.7246376811594203,0.8333333333333334,0.44,0.6366666666666667
VICReg (ours),masked,layer3+4,mlp,2,16,2,0.733,0.6866952789699571,0.6666666666666666,0.67,0.6683333333333333
VICReg (ours),masked,layer3+4,mlp,2,16,3,0.9584166666666668,0.8530805687203792,0.75,0.99,0.87
VICReg (ours),masked,layer3+4,mlp,2,16,4,0.9554166666666668,0.9106382978723404,0.8916666666666667,0.92,0.9058333333333334
VICReg (ours),masked,layer3+4,mlp,2,32,0,0.90175,0.8380952380952381,0.7333333333333333,0.98,0.8566666666666667
VICReg (ours),masked,layer3+4,mlp,2,32,1,0.9001666666666667,0.8225108225108225,0.7916666666666666,0.84,0.8158333333333333
VICReg (ours),masked,layer3+4,mlp,2,32,2,0.93525,0.8356807511737089,0.7416666666666667,0.96,0.8508333333333333
VICReg (ours),masked,layer3+4,mlp,2,32,3,0.9048333333333332,0.8625592417061612,0.7583333333333333,1.0,0.8791666666666667
VICReg (ours),masked,layer3+4,mlp,2,32,4,0.9503333333333334,0.8625592417061612,0.7583333333333333,1.0,0.8791666666666667
VICReg (ours),masked,layer3+4,mlp,2,64,0,0.8801666666666667,0.7894736842105263,0.75,0.82,0.7849999999999999
VICReg (ours),masked,layer3+4,mlp,2,64,1,0.9304166666666668,0.8898305084745762,0.875,0.89,0.8825000000000001
VICReg (ours),masked,layer3+4,mlp,2,64,2,0.8660833333333332,0.7638190954773869,0.6333333333333333,0.97,0.8016666666666666
VICReg (ours),masked,layer3+4,mlp,2,64,3,0.9033333333333334,0.8309178743961353,0.7166666666666667,0.99,0.8533333333333333
VICReg (ours),masked,layer3+4,mlp,2,64,4,0.9116666666666668,0.8381742738589212,0.8416666666666667,0.8,0.8208333333333333
VICReg (ours),masked,layer3+4,mlp,2,128,0,0.9383333333333336,0.8294930875576036,0.75,0.93,0.8400000000000001
VICReg (ours),masked,layer3+4,mlp,2,128,1,0.9718333333333334,0.918918918918919,0.85,1.0,0.925
VICReg (ours),masked,layer3+4,mlp,2,128,2,0.9283333333333332,0.8309178743961353,0.7166666666666667,0.99,0.8533333333333333
VICReg (ours),masked,layer3+4,mlp,2,128,3,0.9753333333333334,0.9396551724137931,0.9083333333333332,0.97,0.9391666666666668
VICReg (ours),masked,layer3+4,mlp,2,128,4,0.9286666666666666,0.8347107438016529,0.8416666666666667,0.79,0.8158333333333334
VICReg (ours),masked,layer3+4,mlp,2,256,0,0.9538333333333334,0.8755760368663594,0.7916666666666666,0.98,0.8858333333333333
VICReg (ours),masked,layer3+4,mlp,2,256,1,0.9634166666666668,0.9009009009009008,0.8333333333333334,0.98,0.9066666666666668
VICReg (ours),masked,layer3+4,mlp,2,256,2,0.9698333333333332,0.8837209302325582,0.7916666666666666,1.0,0.8958333333333333
VICReg (ours),masked,layer3+4,mlp,2,256,3,0.9751666666666668,0.9,0.825,0.99,0.9075
VICReg (ours),masked,layer3+4,mlp,2,256,4,0.9694166666666666,0.9170305676855895,0.875,0.96,0.9175
VICReg (ours),masked,layer3+4,mlp,2,all,0,0.9715833333333334,0.9473684210526316,0.9,1.0,0.95
VICReg (ours),masked,layer3+4,mlp,3,16,0,0.7401250000000001,0.416,0.325,0.81,0.5675
VICReg (ours),masked,layer3+4,mlp,3,16,1,0.927,0.8226950354609929,0.725,0.97,0.8474999999999999
VICReg (ours),masked,layer3+4,mlp,3,16,2,0.69175,0.3333333333333333,0.25,0.8,0.525
VICReg (ours),masked,layer3+4,mlp,3,16,3,0.8965,0.7577639751552795,0.7625,0.8,0.78125
VICReg (ours),masked,layer3+4,mlp,3,16,4,0.531,0.3833333333333333,0.2875,0.83,0.55875
VICReg (ours),masked,layer3+4,mlp,3,32,0,0.8795,0.7450980392156863,0.7125,0.84,0.77625
VICReg (ours),masked,layer3+4,mlp,3,32,1,0.86675,0.7019867549668874,0.6625,0.82,0.74125
VICReg (ours),masked,layer3+4,mlp,3,32,2,0.7877500000000001,0.6706586826347305,0.7,0.69,0.695
VICReg (ours),masked,layer3+4,mlp,3,32,3,0.841375,0.7230769230769231,0.5875,0.97,0.77875
VICReg (ours),masked,layer3+4,mlp,3,32,4,0.93075,0.8111888111888111,0.725,0.95,0.8374999999999999
VICReg (ours),masked,layer3+4,mlp,3,64,0,0.8250000000000001,0.5691056910569106,0.4375,0.92,0.67875
VICReg (ours),masked,layer3+4,mlp,3,64,1,0.865,0.7261146496815286,0.7125,0.8,0.7562500000000001
VICReg (ours),masked,layer3+4,mlp,3,64,2,0.92175,0.8323699421965318,0.9,0.79,0.845
VICReg (ours),masked,layer3+4,mlp,3,64,3,0.9125,0.7808219178082192,0.7125,0.91,0.81125
VICReg (ours),masked,layer3+4,mlp,3,64,4,0.845,0.6973684210526315,0.6625,0.81,0.7362500000000001
VICReg (ours),masked,layer3+4,mlp,3,128,0,0.8967499999999999,0.75,0.75,0.8,0.775
VICReg (ours),masked,layer3+4,mlp,3,128,1,0.8502500000000001,0.7225806451612903,0.7,0.81,0.755
VICReg (ours),masked,layer3+4,mlp,3,128,2,0.8687499999999999,0.71875,0.575,0.98,0.7775
VICReg (ours),masked,layer3+4,mlp,3,128,3,0.88825,0.7733333333333333,0.725,0.88,0.8025
VICReg (ours),masked,layer3+4,mlp,3,128,4,0.944125,0.8163265306122449,0.75,0.93,0.8400000000000001
VICReg (ours),masked,layer3+4,mlp,3,256,0,0.911125,0.8201438848920863,0.7125,0.98,0.84625
VICReg (ours),masked,layer3+4,mlp,3,256,1,0.9025,0.7530864197530864,0.7625,0.79,0.77625
VICReg (ours),masked,layer3+4,mlp,3,256,2,0.92725,0.8057553956834532,0.7,0.97,0.835
VICReg (ours),masked,layer3+4,mlp,3,256,3,0.893,0.718562874251497,0.75,0.73,0.74
VICReg (ours),masked,layer3+4,mlp,3,256,4,0.917,0.7972027972027972,0.7125,0.94,0.8262499999999999
VICReg (ours),masked,layer3+4,mlp,3,all,0,0.939875,0.8133333333333334,0.7625,0.91,0.8362499999999999
VICReg (ours),masked,layer3+4,mlp,4,16,0,0.5915833333333333,0.7069486404833837,0.975,0.06,0.5175
VICReg (ours),masked,layer3+4,mlp,4,16,1,0.6010833333333334,0.2893081761006289,0.1916666666666666,0.84,0.5158333333333334
VICReg (ours),masked,layer3+4,mlp,4,16,2,0.6045833333333334,0.5076142131979695,0.4166666666666667,0.73,0.5733333333333334
VICReg (ours),masked,layer3+4,mlp,4,16,3,0.9448333333333332,0.8607594936708861,0.85,0.85,0.85
VICReg (ours),masked,layer3+4,mlp,4,16,4,0.3191666666666666,0.3952569169960474,0.4166666666666667,0.17,0.2933333333333333
VICReg (ours),masked,layer3+4,mlp,4,32,0,0.9908333333333332,0.9397590361445785,0.975,0.88,0.9275
VICReg (ours),masked,layer3+4,mlp,4,32,1,0.93075,0.8389830508474576,0.825,0.83,0.8274999999999999
VICReg (ours),masked,layer3+4,mlp,4,32,2,0.9163333333333332,0.8705882352941177,0.925,0.76,0.8425
VICReg (ours),masked,layer3+4,mlp,4,32,3,0.8290000000000001,0.7955390334572491,0.8916666666666667,0.58,0.7358333333333333
VICReg (ours),masked,layer3+4,mlp,4,32,4,0.93775,0.889763779527559,0.9416666666666668,0.79,0.8658333333333333
VICReg (ours),masked,layer3+4,mlp,4,64,0,0.7851666666666667,0.7686567164179104,0.8583333333333333,0.55,0.7041666666666666
VICReg (ours),masked,layer3+4,mlp,4,64,1,0.8720833333333333,0.8120300751879699,0.9,0.62,0.76
VICReg (ours),masked,layer3+4,mlp,4,64,2,0.9745,0.8263888888888888,0.9916666666666668,0.51,0.7508333333333334
VICReg (ours),masked,layer3+4,mlp,4,64,3,0.83525,0.8461538461538461,0.9166666666666666,0.7,0.8083333333333333
VICReg (ours),masked,layer3+4,mlp,4,64,4,0.8903333333333334,0.851985559566787,0.9833333333333332,0.61,0.7966666666666666
VICReg (ours),masked,layer3+4,mlp,4,128,0,0.9545,0.8321678321678322,0.9916666666666668,0.53,0.7608333333333334
VICReg (ours),masked,layer3+4,mlp,4,128,1,0.8891666666666667,0.795774647887324,0.9416666666666668,0.49,0.7158333333333333
VICReg (ours),masked,layer3+4,mlp,4,128,2,0.8874166666666667,0.8409893992932862,0.9916666666666668,0.56,0.7758333333333334
VICReg (ours),masked,layer3+4,mlp,4,128,3,0.8729166666666666,0.8666666666666667,0.975,0.67,0.8225
VICReg (ours),masked,layer3+4,mlp,4,128,4,0.93325,0.8321678321678322,0.9916666666666668,0.53,0.7608333333333334
VICReg (ours),masked,layer3+4,mlp,4,256,0,0.8488333333333333,0.8656716417910447,0.9666666666666668,0.68,0.8233333333333334
VICReg (ours),masked,layer3+4,mlp,4,256,1,0.9235833333333332,0.8285714285714286,0.9666666666666668,0.56,0.7633333333333334
VICReg (ours),masked,layer3+4,mlp,4,256,2,0.89575,0.8309859154929577,0.9833333333333332,0.54,0.7616666666666667
VICReg (ours),masked,layer3+4,mlp,4,256,3,0.94825,0.8169014084507042,0.9666666666666668,0.52,0.7433333333333334
VICReg (ours),masked,layer3+4,mlp,4,256,4,0.9011666666666668,0.823943661971831,0.975,0.53,0.7525
VICReg (ours),masked,layer3+4,mlp,4,all,0,0.93725,0.8613138686131386,0.9833333333333332,0.64,0.8116666666666666
VICReg + adaptation,masked,layer3+4,mlp,0,16,0,0.988125,0.6991869918699187,0.5375,1.0,0.76875
VICReg + adaptation,masked,layer3+4,mlp,0,16,1,0.980625,0.8926553672316384,0.9875,0.82,0.90375
VICReg + adaptation,masked,layer3+4,mlp,0,16,2,0.995375,0.9403973509933776,0.8875,1.0,0.94375
VICReg + adaptation,masked,layer3+4,mlp,0,16,3,0.99325,0.72,0.5625,1.0,0.78125
VICReg + adaptation,masked,layer3+4,mlp,0,16,4,0.99025,0.8428571428571429,0.7375,0.99,0.86375
VICReg + adaptation,masked,layer3+4,mlp,0,32,0,0.98125,0.9367088607594936,0.925,0.96,0.9425
VICReg + adaptation,masked,layer3+4,mlp,0,32,1,0.995875,0.9873417721518988,0.975,1.0,0.9875
VICReg + adaptation,masked,layer3+4,mlp,0,32,2,0.985625,0.9615384615384616,0.9375,0.99,0.96375
VICReg + adaptation,masked,layer3+4,mlp,0,32,3,0.99975,0.8732394366197183,0.775,1.0,0.8875
VICReg + adaptation,masked,layer3+4,mlp,0,32,4,0.997375,0.9454545454545454,0.975,0.93,0.9525
VICReg + adaptation,masked,layer3+4,mlp,0,64,0,0.998625,0.967741935483871,0.9375,1.0,0.96875
VICReg + adaptation,masked,layer3+4,mlp,0,64,1,1.0,0.9873417721518988,0.975,1.0,0.9875
VICReg + adaptation,masked,layer3+4,mlp,0,64,2,1.0,0.8571428571428571,0.75,1.0,0.875
VICReg + adaptation,masked,layer3+4,mlp,0,64,3,0.992125,0.961038961038961,0.925,1.0,0.9625
VICReg + adaptation,masked,layer3+4,mlp,0,64,4,0.99775,0.8405797101449275,0.725,1.0,0.8625
VICReg + adaptation,masked,layer3+4,mlp,0,128,0,1.0,0.9808917197452228,0.9625,1.0,0.98125
VICReg + adaptation,masked,layer3+4,mlp,0,128,1,0.99825,0.9873417721518988,0.975,1.0,0.9875
VICReg + adaptation,masked,layer3+4,mlp,0,128,2,0.99875,0.8405797101449275,0.725,1.0,0.8625
VICReg + adaptation,masked,layer3+4,mlp,0,128,3,0.999625,0.9743589743589745,0.95,1.0,0.975
VICReg + adaptation,masked,layer3+4,mlp,0,128,4,1.0,0.967741935483871,0.9375,1.0,0.96875
VICReg + adaptation,masked,layer3+4,mlp,0,256,0,1.0,0.9743589743589745,0.95,1.0,0.975
VICReg + adaptation,masked,layer3+4,mlp,0,256,1,1.0,0.9743589743589745,0.95,1.0,0.975
VICReg + adaptation,masked,layer3+4,mlp,0,256,2,0.999875,0.9743589743589745,0.95,1.0,0.975
VICReg + adaptation,masked,layer3+4,mlp,0,256,3,0.999875,0.9743589743589745,0.95,1.0,0.975
VICReg + adaptation,masked,layer3+4,mlp,0,256,4,0.9995,0.9873417721518988,0.975,1.0,0.9875
VICReg + adaptation,masked,layer3+4,mlp,0,all,0,0.999875,0.9873417721518988,0.975,1.0,0.9875
VICReg + adaptation,masked,layer3+4,mlp,1,16,0,0.8724,0.8235294117647058,0.7,1.0,0.85
VICReg + adaptation,masked,layer3+4,mlp,1,16,1,0.8266,0.6538461538461539,0.68,0.6,0.64
VICReg + adaptation,masked,layer3+4,mlp,1,16,2,0.6879,0.6,0.6,0.6,0.6
VICReg + adaptation,masked,layer3+4,mlp,1,16,3,0.8234000000000001,0.7214611872146118,0.79,0.6,0.6950000000000001
VICReg + adaptation,masked,layer3+4,mlp,1,16,4,0.8936,0.7341772151898734,0.58,1.0,0.79
VICReg + adaptation,masked,layer3+4,mlp,1,32,0,0.9866,0.9150943396226416,0.97,0.85,0.91
VICReg + adaptation,masked,layer3+4,mlp,1,32,1,0.9866,0.7936507936507936,1.0,0.48,0.74
VICReg + adaptation,masked,layer3+4,mlp,1,32,2,0.8966,0.8118811881188119,0.82,0.8,0.81
VICReg + adaptation,masked,layer3+4,mlp,1,32,3,0.8205,0.6538461538461539,0.68,0.6,0.64
VICReg + adaptation,masked,layer3+4,mlp,1,32,4,0.8411,0.7619047619047619,0.72,0.83,0.7749999999999999
VICReg + adaptation,masked,layer3+4,mlp,1,64,0,0.9222,0.8235294117647058,0.84,0.8,0.8200000000000001
VICReg + adaptation,masked,layer3+4,mlp,1,64,1,0.874,0.6829268292682927,0.7,0.65,0.675
VICReg + adaptation,masked,layer3+4,mlp,1,64,2,0.8784000000000001,0.7593582887700535,0.71,0.84,0.7749999999999999
VICReg + adaptation,masked,layer3+4,mlp,1,64,3,0.8974,0.7668393782383419,0.74,0.81,0.775
VICReg + adaptation,masked,layer3+4,mlp,1,64,4,0.9371,0.8349514563106796,0.86,0.8,0.8300000000000001
VICReg + adaptation,masked,layer3+4,mlp,1,128,0,0.8798,0.7513227513227513,0.71,0.82,0.7649999999999999
VICReg + adaptation,masked,layer3+4,mlp,1,128,1,0.8713000000000001,0.7379679144385026,0.69,0.82,0.7549999999999999
VICReg + adaptation,masked,layer3+4,mlp,1,128,2,0.8583999999999999,0.717948717948718,0.7,0.75,0.725
VICReg + adaptation,masked,layer3+4,mlp,1,128,3,0.8793,0.7461139896373057,0.72,0.79,0.755
VICReg + adaptation,masked,layer3+4,mlp,1,128,4,0.9042,0.7407407407407407,0.7,0.81,0.755
VICReg + adaptation,masked,layer3+4,mlp,1,256,0,0.8861000000000001,0.7692307692307693,0.7,0.88,0.79
VICReg + adaptation,masked,layer3+4,mlp,1,256,1,0.8658,0.7340425531914894,0.69,0.81,0.75
VICReg + adaptation,masked,layer3+4,mlp,1,256,2,0.8630000000000001,0.7291666666666666,0.7,0.78,0.74
VICReg + adaptation,masked,layer3+4,mlp,1,256,3,0.8842000000000001,0.7272727272727273,0.72,0.74,0.73
VICReg + adaptation,masked,layer3+4,mlp,1,256,4,0.8791,0.7821229050279329,0.7,0.91,0.8049999999999999
VICReg + adaptation,masked,layer3+4,mlp,1,all,0,0.8999000000000001,0.7539267015706806,0.72,0.81,0.765
VICReg + adaptation,masked,layer3+4,mlp,2,16,0,0.8080833333333333,0.6899563318777293,0.6583333333333333,0.7,0.6791666666666667
VICReg + adaptation,masked,layer3+4,mlp,2,16,1,0.6795833333333333,0.6293103448275862,0.6083333333333333,0.61,0.6091666666666666
VICReg + adaptation,masked,layer3+4,mlp,2,16,2,0.7821666666666667,0.735632183908046,0.8,0.55,0.675
VICReg + adaptation,masked,layer3+4,mlp,2,16,3,0.7704166666666666,0.8447653429602888,0.975,0.6,0.7875
VICReg + adaptation,masked,layer3+4,mlp,2,16,4,0.7984166666666667,0.759493670886076,0.75,0.73,0.74
VICReg + adaptation,masked,layer3+4,mlp,2,32,0,0.9011666666666668,0.888,0.925,0.81,0.8675
VICReg + adaptation,masked,layer3+4,mlp,2,32,1,0.9135,0.8870967741935484,0.9166666666666666,0.82,0.8683333333333333
VICReg + adaptation,masked,layer3+4,mlp,2,32,2,0.7885,0.7,0.7,0.64,0.6699999999999999
VICReg + adaptation,masked,layer3+4,mlp,2,32,3,0.92475,0.8535564853556485,0.85,0.83,0.84
VICReg + adaptation,masked,layer3+4,mlp,2,32,4,0.9088333333333334,0.8432835820895522,0.9416666666666668,0.65,0.7958333333333334
VICReg + adaptation,masked,layer3+4,mlp,2,64,0,0.80275,0.7435897435897436,0.725,0.73,0.7275
VICReg + adaptation,masked,layer3+4,mlp,2,64,1,0.8405,0.7310924369747899,0.725,0.69,0.7075
VICReg + adaptation,masked,layer3+4,mlp,2,64,2,0.8133333333333334,0.5970149253731343,0.5,0.79,0.645
VICReg + adaptation,masked,layer3+4,mlp,2,64,3,0.9028333333333334,0.7947598253275109,0.7583333333333333,0.82,0.7891666666666666
VICReg + adaptation,masked,layer3+4,mlp,2,64,4,0.8358333333333333,0.8363636363636363,0.9583333333333334,0.6,0.7791666666666667
VICReg + adaptation,masked,layer3+4,mlp,2,128,0,0.8649166666666668,0.7755102040816326,0.7916666666666666,0.7,0.7458333333333333
VICReg + adaptation,masked,layer3+4,mlp,2,128,1,0.8850833333333333,0.8384615384615385,0.9083333333333332,0.69,0.7991666666666666
VICReg + adaptation,masked,layer3+4,mlp,2,128,2,0.9090833333333334,0.859504132231405,0.8666666666666667,0.82,0.8433333333333333
VICReg + adaptation,masked,layer3+4,mlp,2,128,3,0.8958333333333333,0.888,0.925,0.81,0.8675
VICReg + adaptation,masked,layer3+4,mlp,2,128,4,0.8756666666666666,0.8671875,0.925,0.75,0.8375
VICReg + adaptation,masked,layer3+4,mlp,2,256,0,0.87625,0.8461538461538461,0.9166666666666666,0.7,0.8083333333333333
VICReg + adaptation,masked,layer3+4,mlp,2,256,1,0.88475,0.8740157480314961,0.925,0.77,0.8475
VICReg + adaptation,masked,layer3+4,mlp,2,256,2,0.8846666666666667,0.873015873015873,0.9166666666666666,0.78,0.8483333333333334
VICReg + adaptation,masked,layer3+4,mlp,2,256,3,0.8925000000000001,0.8844621513944223,0.925,0.8,0.8625
VICReg + adaptation,masked,layer3+4,mlp,2,256,4,0.8774583333333335,0.8627450980392157,0.9166666666666666,0.75,0.8333333333333333
VICReg + adaptation,masked,layer3+4,mlp,2,all,0,0.8794166666666667,0.8774703557312253,0.925,0.78,0.8525
VICReg + adaptation,masked,layer3+4,mlp,3,16,0,0.75775,0.3963963963963964,0.275,0.91,0.5925
VICReg + adaptation,masked,layer3+4,mlp,3,16,1,0.94625,0.8111888111888111,0.725,0.95,0.8374999999999999
VICReg + adaptation,masked,layer3+4,mlp,3,16,2,0.7701250000000001,0.6538461538461539,0.6375,0.75,0.69375
VICReg + adaptation,masked,layer3+4,mlp,3,16,3,0.92525,0.8333333333333334,0.8125,0.89,0.8512500000000001
VICReg + adaptation,masked,layer3+4,mlp,3,16,4,0.974125,0.927710843373494,0.9625,0.91,0.93625
VICReg + adaptation,masked,layer3+4,mlp,3,32,0,0.986375,0.8428571428571429,0.7375,0.99,0.86375
VICReg + adaptation,masked,layer3+4,mlp,3,32,1,0.96575,0.8391608391608392,0.75,0.97,0.86
VICReg + adaptation,masked,layer3+4,mlp,3,32,2,0.8745,0.8705882352941177,0.925,0.84,0.8825000000000001
VICReg + adaptation,masked,layer3+4,mlp,3,32,3,0.905375,0.6711409395973155,0.625,0.81,0.7175
VICReg + adaptation,masked,layer3+4,mlp,3,32,4,0.99125,0.8689655172413793,0.7875,0.98,0.88375
VICReg + adaptation,masked,layer3+4,mlp,3,64,0,0.99125,0.7692307692307693,0.625,1.0,0.8125
VICReg + adaptation,masked,layer3+4,mlp,3,64,1,0.95025,0.8301886792452831,0.825,0.87,0.8474999999999999
VICReg + adaptation,masked,layer3+4,mlp,3,64,2,0.973,0.8413793103448276,0.7625,0.96,0.86125
VICReg + adaptation,masked,layer3+4,mlp,3,64,3,0.98475,0.7096774193548387,0.55,1.0,0.775
VICReg + adaptation,masked,layer3+4,mlp,3,64,4,0.91725,0.732824427480916,0.6,0.97,0.7849999999999999
VICReg + adaptation,masked,layer3+4,mlp,3,128,0,0.96325,0.9156626506024096,0.95,0.9,0.925
VICReg + adaptation,masked,layer3+4,mlp,3,128,1,0.970625,0.89171974522293,0.875,0.93,0.9025
VICReg + adaptation,masked,layer3+4,mlp,3,128,2,0.955875,0.7368421052631579,0.6125,0.96,0.78625
VICReg + adaptation,masked,layer3+4,mlp,3,128,3,0.98125,0.8648648648648649,0.8,0.96,0.88
VICReg + adaptation,masked,layer3+4,mlp,3,128,4,0.959875,0.6935483870967742,0.5375,0.99,0.7637499999999999
VICReg + adaptation,masked,layer3+4,mlp,3,256,0,0.974625,0.8930817610062893,0.8875,0.92,0.90375
VICReg + adaptation,masked,layer3+4,mlp,3,256,1,0.970125,0.9285714285714286,0.975,0.9,0.9375
VICReg + adaptation,masked,layer3+4,mlp,3,256,2,0.975125,0.8085106382978723,0.7125,0.96,0.8362499999999999
VICReg + adaptation,masked,layer3+4,mlp,3,256,3,0.961875,0.9146341463414634,0.9375,0.91,0.92375
VICReg + adaptation,masked,layer3+4,mlp,3,256,4,0.98025,0.8285714285714286,0.725,0.98,0.8525
VICReg + adaptation,masked,layer3+4,mlp,3,all,0,0.977875,0.9212121212121211,0.95,0.91,0.93
VICReg + adaptation,masked,layer3+4,mlp,4,16,0,0.9646666666666668,0.8708487084870848,0.9833333333333332,0.67,0.8266666666666667
VICReg + adaptation,masked,layer3+4,mlp,4,16,1,0.8480833333333334,0.659217877094972,0.4916666666666666,1.0,0.7458333333333333
VICReg + adaptation,masked,layer3+4,mlp,4,16,2,0.9390833333333336,0.7021276595744681,0.55,0.98,0.765
VICReg + adaptation,masked,layer3+4,mlp,4,16,3,0.9156666666666666,0.8755020080321285,0.9083333333333332,0.8,0.8541666666666667
VICReg + adaptation,masked,layer3+4,mlp,4,16,4,0.9990833333333332,0.9787234042553192,0.9583333333333334,1.0,0.9791666666666669
VICReg + adaptation,masked,layer3+4,mlp,4,32,0,0.8965833333333333,0.8616600790513834,0.9083333333333332,0.76,0.8341666666666667
VICReg + adaptation,masked,layer3+4,mlp,4,32,1,0.8863333333333333,0.8284518828451883,0.825,0.8,0.8125
VICReg + adaptation,masked,layer3+4,mlp,4,32,2,0.9068333333333334,0.8941176470588236,0.95,0.79,0.87
VICReg + adaptation,masked,layer3+4,mlp,4,32,3,0.97325,0.9121338912133892,0.9083333333333332,0.9,0.9041666666666668
VICReg + adaptation,masked,layer3+4,mlp,4,32,4,0.99125,0.9042145593869731,0.9833333333333332,0.77,0.8766666666666667
VICReg + adaptation,masked,layer3+4,mlp,4,64,0,0.9534166666666668,0.889763779527559,0.9416666666666668,0.79,0.8658333333333333
VICReg + adaptation,masked,layer3+4,mlp,4,64,1,0.934,0.900763358778626,0.9833333333333332,0.76,0.8716666666666666
VICReg + adaptation,masked,layer3+4,mlp,4,64,2,0.929,0.889763779527559,0.9416666666666668,0.79,0.8658333333333333
VICReg + adaptation,masked,layer3+4,mlp,4,64,3,0.98925,0.8939393939393939,0.9833333333333332,0.74,0.8616666666666666
VICReg + adaptation,masked,layer3+4,mlp,4,64,4,0.9188333333333332,0.8976377952755905,0.95,0.8,0.875
VICReg + adaptation,masked,layer3+4,mlp,4,128,0,0.8664583333333333,0.8941176470588236,0.95,0.79,0.87
VICReg + adaptation,masked,layer3+4,mlp,4,128,1,0.9620833333333332,0.8984375,0.9583333333333334,0.79,0.8741666666666668
VICReg + adaptation,masked,layer3+4,mlp,4,128,2,0.8662500000000001,0.8755020080321285,0.9083333333333332,0.8,0.8541666666666667
VICReg + adaptation,masked,layer3+4,mlp,4,128,3,0.9405,0.8914728682170543,0.9583333333333334,0.77,0.8641666666666667
VICReg + adaptation,masked,layer3+4,mlp,4,128,4,0.8588333333333333,0.8846153846153846,0.9583333333333334,0.75,0.8541666666666667
VICReg + adaptation,masked,layer3+4,mlp,4,256,0,0.7885833333333333,0.8755020080321285,0.9083333333333332,0.8,0.8541666666666667
VICReg + adaptation,masked,layer3+4,mlp,4,256,1,0.8825833333333333,0.8932806324110671,0.9416666666666668,0.8,0.8708333333333333
VICReg + adaptation,masked,layer3+4,mlp,4,256,2,0.835375,0.8932806324110671,0.9416666666666668,0.8,0.8708333333333333
VICReg + adaptation,masked,layer3+4,mlp,4,256,3,0.9311666666666668,0.9019607843137256,0.9583333333333334,0.8,0.8791666666666667
VICReg + adaptation,masked,layer3+4,mlp,4,256,4,0.8487916666666666,0.8932806324110671,0.9416666666666668,0.8,0.8708333333333333
VICReg + adaptation,masked,layer3+4,mlp,4,all,0,0.7935,0.8755020080321285,0.9083333333333332,0.8,0.8541666666666667
